,Title_Don,Title_Jonkheer,Title_Officer,Title_Master,Title_Sir,Title_Mr,Title_Miss,Title_Mrs,Age,Sex,Fare,Pclass,Deck,FamilySize,IsAlone,Embarked_Q,Embarked_S,Survived
0,0,0,0,0,0,1,0,0,-0.5345909152096044,0,2.1102132003465894,3,0,1,0,0,1,0
1,0,0,0,0,0,0,0,1,0.6680165716067701,1,4.2805931204649,1,3,1,0,0,0,1
2,0,0,0,0,0,0,1,0,-0.23393904350551084,1,2.188856327665703,3,0,0,1,0,1,1
3,0,0,0,0,0,0,0,1,0.44252766782869984,1,3.9908341858524357,1,3,1,0,0,1,1
4,0,0,0,0,0,1,0,0,0.44252766782869984,0,2.2027647577118348,3,0,0,1,0,1,0
5,0,0,0,0,0,1,0,0,-0.30910201143153426,0,2.246892662898172,3,0,0,1,1,0,0
6,0,0,0,0,0,1,0,0,1.8706240584231446,0,3.967694202798607,1,5,0,1,0,1,0
7,0,0,0,1,0,0,0,0,-2.0378502737300725,0,3.0944457464900235,3,0,4,0,0,1,0
8,0,0,0,0,0,0,0,1,-0.15877607557948742,1,2.495953738718064,3,0,2,0,0,1,1
9,0,0,0,0,0,0,0,1,-1.1358946586177918,1,3.436268471383741,2,0,1,0,0,0,1
10,0,0,0,0,0,0,1,0,-1.8875243378780258,1,2.8735646395797834,3,7,2,0,0,1,1
11,0,0,0,0,0,0,1,0,2.1712759301272384,1,3.3160025355989236,1,3,0,1,0,1,1
12,0,0,0,0,0,1,0,0,-0.6849168510616512,0,2.2027647577118348,3,0,0,1,0,1,0
13,0,0,0,0,0,1,0,0,0.7431795395327935,0,3.4742929367327062,3,0,6,0,0,1,0
14,0,0,0,0,0,0,1,0,-1.1358946586177918,1,2.180891922715322,3,0,0,1,0,1,0
15,0,0,0,0,0,0,0,1,1.945787026349168,1,2.833213344056216,2,0,0,1,0,1,1
16,0,0,0,1,0,0,0,0,-2.0378502737300725,0,3.405355391810819,3,0,5,0,1,0,0
17,0,0,0,0,0,1,0,0,0.0667128281985828,0,2.6390573296152584,2,0,0,1,0,1,1
18,0,0,0,0,0,0,0,1,0.1418757961246062,1,2.9444389791664403,3,0,1,0,0,1,0
19,0,0,0,0,0,0,0,1,-0.5721723991726162,1,2.1071782966514356,3,0,0,1,0,0,1
20,0,0,0,0,0,1,0,0,0.44252766782869984,0,3.295836866004329,2,0,0,1,0,1,0
21,0,0,0,0,0,1,0,0,0.36736469990267645,0,2.6390573296152584,2,4,0,1,0,1,1
22,0,0,0,0,0,0,1,0,-1.0607316906917683,1,2.2004637699272855,3,0,0,1,1,0,1
23,0,0,0,0,0,1,0,0,-0.08361310765346401,0,3.597312260588446,1,1,0,1,0,1,1
24,0,0,0,0,0,0,1,0,-1.5868724661739322,1,3.0944457464900235,3,0,4,0,0,1,0
25,0,0,0,0,0,0,0,1,0.6680165716067701,1,3.4777725458882283,3,0,6,0,0,1,1
26,0,0,0,0,0,1,0,0,-0.30910201143153426,0,2.1071782966514356,3,0,0,1,0,0,0
27,0,0,0,0,0,1,0,0,-0.7600798189876746,0,5.575949103146316,1,3,5,0,0,1,0
28,0,0,0,0,0,0,1,0,-0.5721723991726162,1,2.1837114628556327,3,0,0,1,1,0,1
29,0,0,0,0,0,1,0,0,-0.30910201143153426,0,2.1855792552411137,3,0,0,1,0,1,0
30,1,0,0,0,0,0,0,0,0.8183425074588169,0,3.357621598945279,1,0,0,1,0,0,0
31,0,0,0,0,0,0,0,1,0.44252766782869984,1,4.993969182787072,1,2,1,0,0,0,1
32,0,0,0,0,0,0,1,0,-0.5721723991726162,1,2.169053700369523,3,0,0,1,1,0,1
33,0,0,0,0,0,1,0,0,2.7725796735354256,0,2.4423470353692043,2,0,0,1,0,1,0
34,0,0,0,0,0,1,0,0,-0.08361310765346401,0,4.420896324687287,1,0,1,0,0,0,0
35,0,0,0,0,0,1,0,0,0.9686684433108637,0,3.970291913552122,1,0,1,0,0,1,0
36,0,0,0,0,0,1,0,0,-0.30910201143153426,0,2.1076888046179385,3,0,0,1,0,0,1
37,0,0,0,0,0,1,0,0,-0.6097538831356278,0,2.2027647577118348,3,0,0,1,0,1,0
38,0,0,0,0,0,0,1,0,-0.8352427869136981,1,2.9444389791664403,3,0,2,0,0,1,0
39,0,0,0,0,0,0,1,0,-1.1358946586177918,1,2.5048481563289,3,0,1,0,0,0,1
40,0,0,0,0,0,0,0,1,0.8183425074588169,1,2.348991465808201,3,0,1,0,0,1,0
41,0,0,0,0,0,0,0,1,-0.15877607557948742,1,3.091042453358316,2,0,1,0,0,1,0
42,0,0,0,0,0,1,0,0,-0.30910201143153426,0,2.1855792552411137,3,0,0,1,0,0,0
43,0,0,0,0,0,0,1,0,-1.9626873058040493,1,3.7513658711253766,2,0,3,0,0,0,1
44,0,0,0,0,0,0,1,0,-0.7600798189876746,1,2.1837114628556327,3,0,0,1,1,0,1
45,0,0,0,0,0,1,0,0,-0.30910201143153426,0,2.2027647577118348,3,0,0,1,0,1,0
46,0,0,0,0,0,1,0,0,-0.30910201143153426,0,2.803360380906535,3,0,1,0,1,0,0
47,0,0,0,0,0,0,1,0,-0.5721723991726162,1,2.169053700369523,3,0,0,1,1,0,1
48,0,0,0,0,0,1,0,0,-0.30910201143153426,0,3.1214482048688246,3,0,2,0,0,0,0
49,0,0,0,0,0,0,0,1,-0.8352427869136981,1,2.9338568698359038,3,0,1,0,0,1,0
50,0,0,0,1,0,0,0,0,-1.6620354340999555,0,3.705920919968788,3,0,5,0,0,1,0
51,0,0,0,0,0,1,0,0,-0.6097538831356278,0,2.174751721484161,3,0,0,1,0,1,0
52,0,0,0,0,0,0,0,1,1.4948092187930275,1,4.353230991152628,1,4,1,0,0,0,1
53,0,0,0,0,0,0,0,1,-0.008450139727440605,1,3.295836866004329,2,0,1,0,0,1,1
54,0,0,0,0,0,1,0,0,2.697416705609402,0,4.142804513146981,1,2,1,0,0,0,0
55,0,0,0,0,0,1,0,0,0.8183425074588169,0,3.597312260588446,1,3,0,1,0,1,1
56,0,0,0,0,0,0,1,0,-0.6097538831356278,1,2.4423470353692043,2,0,0,1,0,1,1
57,0,0,0,0,0,1,0,0,-0.04603162369045231,0,2.1076888046179385,3,0,0,1,0,0,0
58,0,0,0,0,0,0,1,0,-1.8123613699520025,1,3.3586377672433594,2,0,3,0,0,1,1
59,0,0,0,1,0,0,0,0,-1.361383562395862,0,3.8691155044168695,3,0,7,0,0,1,0
60,0,0,0,0,0,1,0,0,-0.5345909152096044,0,2.1076888046179385,3,0,0,1,0,0,0
61,0,0,0,0,0,0,1,0,0.6680165716067701,1,4.394449154672439,1,2,0,1,0,1,1
62,0,0,0,0,0,1,0,0,1.194157347088934,0,4.436455632600354,1,3,1,0,0,1,0
63,0,0,0,1,0,0,0,0,-1.8875243378780258,0,3.3638415951183864,3,0,5,0,0,1,0
64,0,0,0,0,0,1,0,0,0.8183425074588169,0,3.357621598945279,1,0,0,1,0,0,0
65,0,0,0,1,0,0,0,0,-0.30910201143153426,0,2.7878344138303452,3,0,2,0,0,0,1
66,0,0,0,0,0,0,0,1,-0.008450139727440605,1,2.4423470353692043,2,6,0,1,0,1,1
67,0,0,0,0,0,1,0,0,-0.7600798189876746,0,2.2146605719425225,3,0,0,1,0,1,0
68,0,0,0,0,0,0,1,0,-0.9104057548397215,1,2.188856327665703,3,0,6,0,0,1,1
69,0,0,0,0,0,1,0,0,-0.23393904350551084,0,2.2682524139135403,3,0,2,0,0,1,0
70,0,0,0,0,0,1,0,0,0.2170387640506296,0,2.4423470353692043,2,0,0,1,0,1,0
71,0,0,0,0,0,0,1,0,-0.9855687227657449,1,3.8691155044168695,3,0,7,0,0,1,0
72,0,0,0,0,0,1,0,0,-0.6097538831356278,0,4.310799125385514,2,0,0,1,0,1,0
73,0,0,0,0,0,1,0,0,-0.23393904350551084,0,2.737880811060884,3,0,1,0,0,0,0
74,0,0,0,0,0,1,0,0,0.2170387640506296,0,4.05171190165724,3,0,0,1,0,1,1
75,0,0,0,0,0,1,0,0,-0.30910201143153426,0,2.157559320943788,3,6,0,1,0,1,0
76,0,0,0,0,0,1,0,0,-0.30910201143153426,0,2.1855792552411137,3,0,0,1,0,1,0
77,0,0,0,0,0,1,0,0,-0.30910201143153426,0,2.2027647577118348,3,0,0,1,0,1,0
78,0,0,0,1,0,0,0,0,-2.1257909462035203,0,3.4011973816621555,2,0,2,0,0,1,1
79,0,0,0,0,0,0,1,0,0.0667128281985828,1,2.600836116795061,3,0,0,1,0,1,1
80,0,0,0,0,0,1,0,0,-0.5345909152096044,0,2.302585092994046,3,0,0,1,0,1,0
81,0,0,0,0,0,1,0,0,-0.008450139727440605,0,2.3513752571634776,3,0,0,1,0,1,1
82,0,0,0,0,0,0,1,0,-0.5721723991726162,1,2.1733302571367834,3,0,0,1,1,0,1
83,0,0,0,0,0,1,0,0,-0.08361310765346401,0,3.8732821771117156,1,0,0,1,0,1,0
84,0,0,0,0,0,0,1,0,-0.9104057548397215,1,2.4423470353692043,2,0,0,1,0,1,1
85,0,0,0,0,0,0,0,1,0.292201731976653,1,2.8243506567983707,3,0,3,0,0,1,1
86,0,0,0,0,0,1,0,0,-0.9855687227657449,0,3.5660053559634015,3,0,4,0,0,1,0
87,0,0,0,0,0,1,0,0,-0.30910201143153426,0,2.2027647577118348,3,0,0,1,0,1,0
88,0,0,0,0,0,0,1,0,-0.45942794728358105,1,5.575949103146316,1,3,5,0,0,1,1
89,0,0,0,0,0,1,0,0,-0.38426497935755766,0,2.2027647577118348,3,0,0,1,0,1,0
90,0,0,0,0,0,1,0,0,-0.008450139727440605,0,2.2027647577118348,3,0,0,1,0,1,0
91,0,0,0,0,0,1,0,0,-0.6849168510616512,0,2.180891922715322,3,0,0,1,0,1,0
92,0,0,0,0,0,1,0,0,1.2693203150149572,0,4.1299529896894684,1,5,1,0,0,1,0
93,0,0,0,0,0,1,0,0,-0.23393904350551084,0,3.0715352369694915,3,0,3,0,0,1,0
94,0,0,0,0,0,1,0,0,2.2464388980532615,0,2.1102132003465894,3,0,0,1,0,1,0
95,0,0,0,0,0,1,0,0,-0.30910201143153426,0,2.2027647577118348,3,0,0,1,0,1,0
96,0,0,0,0,0,1,0,0,3.1483945131655426,0,3.57386695198272,1,1,0,1,0,0,0
97,0,0,0,0,0,1,0,0,-0.45942794728358105,0,4.164465907853638,1,4,1,0,0,0,1
98,0,0,0,0,0,0,0,1,0.36736469990267645,1,3.1780538303479458,2,0,1,0,0,1,1
99,0,0,0,0,0,1,0,0,0.36736469990267645,0,3.295836866004329,2,0,1,0,0,1,0
100,0,0,0,0,0,0,1,0,-0.08361310765346401,1,2.1855792552411137,3,0,0,1,0,1,0
101,0,0,0,0,0,1,0,0,-0.30910201143153426,0,2.1855792552411137,3,0,0,1,0,1,0
102,0,0,0,0,0,1,0,0,-0.6097538831356278,0,4.360387947851531,1,4,1,0,0,1,0
103,0,0,0,0,0,1,0,0,0.292201731976653,0,2.267393053825037,3,0,0,1,0,1,0
104,0,0,0,0,0,1,0,0,0.5928536036807467,0,2.188856327665703,3,0,2,0,0,1,0
105,0,0,0,0,0,1,0,0,-0.08361310765346401,0,2.1855792552411137,3,0,0,1,0,1,0
106,0,0,0,0,0,0,1,0,-0.6097538831356278,1,2.157559320943788,3,0,0,1,0,1,1
107,0,0,0,0,0,1,0,0,-0.30910201143153426,0,2.1719067693519296,3,0,0,1,0,1,1
108,0,0,0,0,0,1,0,0,0.6680165716067701,0,2.1855792552411137,3,0,0,1,0,1,0
109,0,0,0,0,0,0,1,0,-0.5721723991726162,1,3.224857896545748,3,0,1,0,1,0,1
110,0,0,0,0,0,1,0,0,1.3444832829409807,0,3.970291913552122,1,3,0,1,0,1,0
111,0,0,0,0,0,0,1,0,-1.09831317465478,1,2.737880811060884,3,0,1,0,0,0,0
112,0,0,0,0,0,1,0,0,-0.5345909152096044,0,2.2027647577118348,3,0,0,1,0,1,0
113,0,0,0,0,0,0,1,0,-0.6849168510616512,1,2.3818582738885534,3,0,1,0,0,1,0
114,0,0,0,0,0,0,1,0,-0.9104057548397215,1,2.738146075922933,3,0,0,1,0,0,0
115,0,0,0,0,0,1,0,0,-0.6097538831356278,0,2.188856327665703,3,0,0,1,0,1,0
116,0,0,0,0,0,1,0,0,3.110813029202531,0,2.169053700369523,3,0,0,1,1,0,0
117,0,0,0,0,0,1,0,0,-0.008450139727440605,0,3.091042453358316,2,0,1,0,0,1,0
118,0,0,0,0,0,1,0,0,-0.38426497935755766,0,5.515526544247129,1,2,1,0,0,0,0
119,0,0,0,0,0,0,1,0,-2.0378502737300725,1,3.4742929367327062,3,0,6,0,0,1,0
120,0,0,0,0,0,1,0,0,-0.6097538831356278,0,4.310799125385514,2,0,2,0,0,1,0
121,0,0,0,0,0,1,0,0,-0.30910201143153426,0,2.2027647577118348,3,0,0,1,0,1,0
122,0,0,0,0,0,1,0,0,0.2546202480136413,0,3.436268471383741,2,0,1,0,0,0,0
123,0,0,0,0,0,0,1,0,0.2546202480136413,1,2.6390573296152584,2,5,0,1,0,1,1
124,0,0,0,0,0,1,0,0,1.8706240584231446,0,4.360387947851531,1,4,1,0,0,1,0
125,0,0,0,1,0,0,0,0,-1.2862205944698386,0,2.5048481563289,3,0,1,0,0,0,1
126,0,0,0,0,0,1,0,0,-0.30910201143153426,0,2.169053700369523,3,0,0,1,1,0,0
127,0,0,0,0,0,1,0,0,-0.38426497935755766,0,2.0969990034181696,3,0,0,1,0,1,1
128,0,0,0,0,0,0,1,0,-0.5721723991726162,1,3.1509523813392697,3,6,2,0,0,0,1
129,0,0,0,0,0,1,0,0,1.194157347088934,0,2.076311648670908,3,0,0,1,0,1,0
130,0,0,0,0,0,1,0,0,0.292201731976653,0,2.1855792552411137,3,0,0,1,0,0,0
131,0,0,0,0,0,1,0,0,-0.6849168510616512,0,2.0856720914304723,3,0,0,1,0,1,0
132,0,0,0,0,0,0,0,1,1.3444832829409807,1,2.740840023925201,3,0,1,0,0,1,0
133,0,0,0,0,0,0,0,1,-0.008450139727440605,1,3.295836866004329,2,0,1,0,0,1,1
134,0,0,0,0,0,1,0,0,-0.30910201143153426,0,2.6390573296152584,2,0,0,1,0,1,0
135,0,0,0,0,0,1,0,0,-0.45942794728358105,0,2.775447133088262,2,0,0,1,0,0,0
136,0,0,0,0,0,0,1,0,-0.7600798189876746,1,3.3062747934011893,1,4,2,0,0,1,1
137,0,0,0,0,0,1,0,0,0.5928536036807467,0,3.9908341858524357,1,3,1,0,0,1,0
138,0,0,0,0,0,1,0,0,-0.9855687227657449,0,2.3240236363515288,3,0,0,1,0,1,0
139,0,0,0,0,0,1,0,0,-0.38426497935755766,0,4.384523514872469,1,2,0,1,0,0,0
140,0,0,0,0,0,0,0,1,-0.5721723991726162,1,2.7878344138303452,3,0,2,0,0,0,0
141,0,0,0,0,0,0,1,0,-0.5345909152096044,1,2.169053700369523,3,0,0,1,0,1,1
142,0,0,0,0,0,0,0,1,-0.38426497935755766,1,2.8243506567983707,3,0,1,0,0,1,1
143,0,0,0,0,0,1,0,0,-0.7600798189876746,0,2.0476928433652555,3,0,0,1,1,0,0
144,0,0,0,0,0,1,0,0,-0.8352427869136981,0,2.5257286443082556,2,0,0,1,0,1,0
145,0,0,0,0,0,1,0,0,-0.7600798189876746,0,3.6309854756950335,2,0,2,0,0,1,0
146,0,0,0,0,0,1,0,0,-0.15877607557948742,0,2.174274334826008,3,0,0,1,0,1,1
147,0,0,0,0,0,0,1,0,-1.5117094982479087,1,3.5660053559634015,3,0,4,0,0,1,0
148,0,0,0,0,0,1,0,0,0.5552721197177349,0,3.295836866004329,2,6,2,0,0,1,0
149,0,0,1,0,0,0,0,0,0.9686684433108637,0,2.6390573296152584,2,0,0,1,0,1,0
150,0,0,1,0,0,0,0,0,1.6451351546450743,0,2.6045398247325453,2,0,0,1,0,1,0
151,0,0,0,0,0,0,0,1,-0.5345909152096044,1,4.213607983048918,1,3,1,0,0,1,1
152,0,0,0,0,0,1,0,0,1.9833685103121796,0,2.2027647577118348,3,0,0,1,0,1,0
153,0,0,0,0,0,1,0,0,0.8559239914218286,0,2.740840023925201,3,0,2,0,0,1,0
154,0,0,0,0,0,1,0,0,-0.30910201143153426,0,2.1177604059819726,3,0,0,1,0,1,0
155,0,0,0,0,0,1,0,0,1.6451351546450743,0,4.133231886474144,1,0,1,0,0,0,0
156,0,0,0,0,0,0,1,0,-0.9855687227657449,1,2.167143305297764,3,0,0,1,1,0,1
157,0,0,0,0,0,1,0,0,0.0667128281985828,0,2.2027647577118348,3,0,0,1,0,1,0
158,0,0,0,0,0,1,0,0,-0.30910201143153426,0,2.2682524139135403,3,0,0,1,0,1,0
159,0,0,0,1,0,0,0,0,-0.30910201143153426,0,4.256321678298823,3,0,10,0,0,1,0
160,0,0,0,0,0,1,0,0,1.1189943791629104,0,2.8390784635086144,3,0,1,0,0,1,0
161,0,0,0,0,0,0,0,1,0.8183425074588169,1,2.8183982582710754,2,0,0,1,0,1,1
162,0,0,0,0,0,1,0,0,-0.23393904350551084,0,2.1719067693519296,3,0,0,1,0,1,0
163,0,0,0,0,0,1,0,0,-0.9104057548397215,0,2.2682524139135403,3,0,0,1,0,1,0
164,0,0,0,1,0,0,0,0,-2.113013241656096,0,3.705920919968788,3,0,5,0,0,1,0
165,0,0,0,1,0,0,0,0,-1.5117094982479087,0,3.0692150503137943,3,0,2,0,0,1,1
166,0,0,0,0,0,0,0,1,0.44252766782869984,1,4.02535169073515,1,5,1,0,0,1,1
167,0,0,0,0,0,0,0,1,1.194157347088934,1,3.3638415951183864,3,0,5,0,0,1,0
168,0,0,0,0,0,1,0,0,0.8183425074588169,0,3.2930552230424524,1,0,0,1,0,1,0
169,0,0,0,0,0,1,0,0,-0.08361310765346401,0,4.05171190165724,3,0,0,1,0,1,0
170,0,0,0,0,0,1,0,0,2.3967648339053085,0,3.5409593240373143,1,2,0,1,0,1,0
171,0,0,0,1,0,0,0,0,-1.8875243378780258,0,3.405355391810819,3,0,5,0,1,0,0
172,0,0,0,0,0,0,1,0,-2.113013241656096,1,2.495953738718064,3,0,2,0,0,1,1
173,0,0,0,0,0,1,0,0,-0.6097538831356278,0,2.188856327665703,3,0,0,1,0,1,0
174,0,0,0,0,0,1,0,0,2.0209499942751914,0,3.4561841799918147,1,1,0,1,0,0,0
175,0,0,0,0,0,1,0,0,-0.8352427869136981,0,2.180891922715322,3,0,2,0,0,1,0
176,0,0,0,1,0,0,0,0,-0.30910201143153426,0,3.275887339030031,3,0,4,0,0,1,0
177,0,0,0,0,0,0,1,0,1.569972186719051,1,3.391567832686312,1,3,0,1,0,0,0
178,0,0,0,0,0,1,0,0,0.0667128281985828,0,2.6390573296152584,2,0,0,1,0,1,0
179,0,0,0,0,0,1,0,0,0.5176906357547233,0,0.0,3,0,0,1,0,1,0
180,0,0,0,0,0,0,1,0,-0.5721723991726162,1,4.256321678298823,3,0,10,0,0,1,0
181,0,0,0,0,0,1,0,0,0.0667128281985828,0,2.775708849576025,2,0,0,1,0,0,0
182,0,0,0,1,0,0,0,0,-1.5117094982479087,0,3.4777725458882283,3,0,6,0,0,1,0
183,0,0,0,1,0,0,0,0,-2.113013241656096,0,3.6888794541139363,2,6,3,0,0,1,1
184,0,0,0,0,0,0,1,0,-1.8875243378780258,1,3.1365805821413706,3,0,2,0,0,1,1
185,0,0,0,0,0,1,0,0,0.8183425074588169,0,3.9318256327243257,1,1,0,1,0,1,0
186,0,0,0,0,0,0,0,1,-0.5721723991726162,1,2.803360380906535,3,0,1,0,1,0,1
187,0,0,0,0,0,1,0,0,1.194157347088934,0,3.3160025355989236,1,0,0,1,0,1,1
188,0,0,0,0,0,1,0,0,0.8183425074588169,0,2.803360380906535,3,0,2,0,1,0,0
189,0,0,0,0,0,1,0,0,0.5176906357547233,0,2.1855792552411137,3,0,0,1,0,1,0
190,0,0,0,0,0,0,0,1,0.2170387640506296,1,2.6390573296152584,2,0,0,1,0,1,1
191,0,0,0,0,0,1,0,0,-0.7600798189876746,0,2.6390573296152584,2,0,0,1,0,1,0
192,0,0,0,0,0,0,1,0,-0.7600798189876746,1,2.180891922715322,3,0,1,0,0,1,1
193,0,0,0,1,0,0,0,0,-1.9626873058040493,0,3.295836866004329,2,6,2,0,0,1,1
194,0,0,0,0,0,0,0,1,1.1189943791629104,1,3.357621598945279,1,2,0,1,0,0,1
195,0,0,0,0,0,0,1,0,2.1712759301272384,1,4.993969182787072,1,2,0,1,0,0,1
196,0,0,0,0,0,1,0,0,-0.30910201143153426,0,2.169053700369523,3,0,0,1,1,0,0
197,0,0,0,0,0,1,0,0,0.9686684433108637,0,2.2411563979973974,3,0,1,0,0,1,0
198,0,0,0,0,0,0,1,0,-0.5721723991726162,1,2.169053700369523,3,0,0,1,1,0,1
199,0,0,0,0,0,0,1,0,-0.38426497935755766,1,2.6390573296152584,2,0,0,1,0,1,0
200,0,0,0,0,0,1,0,0,-0.08361310765346401,0,2.3513752571634776,3,0,0,1,0,1,0
201,0,0,0,0,0,1,0,0,-0.30910201143153426,0,4.256321678298823,3,0,10,0,0,1,0
202,0,0,0,0,0,1,0,0,0.36736469990267645,0,2.0143428636837015,3,0,0,1,0,1,0
203,0,0,0,0,0,1,0,0,1.2317388310519457,0,2.1071782966514356,3,0,0,1,0,0,0
204,0,0,0,0,0,1,0,0,-0.8352427869136981,0,2.2027647577118348,3,0,0,1,0,1,1
205,0,0,0,0,0,0,1,0,-2.0378502737300725,1,2.4390808375825834,3,7,1,0,0,1,0
206,0,0,0,0,0,1,0,0,0.2170387640506296,0,2.8243506567983707,3,0,1,0,0,1,0
207,0,0,0,0,0,1,0,0,-0.23393904350551084,0,2.9850504252071306,3,0,0,1,0,0,1
208,0,0,0,0,0,0,1,0,-0.9855687227657449,1,2.169053700369523,3,0,0,1,1,0,1
209,0,0,0,0,0,1,0,0,0.8183425074588169,0,3.4657359027997265,1,1,0,1,0,0,1
210,0,0,0,0,0,1,0,0,-0.38426497935755766,0,2.0856720914304723,3,0,0,1,0,1,0
211,0,0,0,0,0,0,1,0,0.44252766782869984,1,3.091042453358316,2,0,0,1,0,1,1
212,0,0,0,0,0,1,0,0,-0.5345909152096044,0,2.1102132003465894,3,0,0,1,0,1,0
213,0,0,0,0,0,1,0,0,0.0667128281985828,0,2.6390573296152584,2,0,0,1,0,1,0
214,0,0,0,0,0,1,0,0,-0.30910201143153426,0,2.169053700369523,3,0,1,0,1,0,0
215,0,0,0,0,0,0,1,0,0.1418757961246062,1,4.738607824217808,1,4,1,0,0,0,1
216,0,0,0,0,0,0,1,0,-0.15877607557948742,1,2.188856327665703,3,0,0,1,0,1,1
217,0,0,0,0,0,1,0,0,0.9686684433108637,0,3.332204510175204,2,0,1,0,0,1,0
218,0,0,0,0,0,0,1,0,0.2170387640506296,1,4.347586575960343,1,4,0,1,0,0,1
219,0,0,0,0,0,1,0,0,0.0667128281985828,0,2.4423470353692043,2,0,0,1,0,1,0
220,0,0,0,0,0,1,0,0,-0.9855687227657449,0,2.2027647577118348,3,0,0,1,0,1,1
221,0,0,0,0,0,1,0,0,-0.15877607557948742,0,2.6390573296152584,2,0,0,1,0,1,0
222,0,0,0,0,0,1,0,0,1.6451351546450743,0,2.2027647577118348,3,0,0,1,0,1,0
223,0,0,0,0,0,1,0,0,-0.30910201143153426,0,2.1855792552411137,3,0,0,1,0,1,0
224,0,0,0,0,0,1,0,0,0.6680165716067701,0,4.51085950651685,1,3,1,0,0,1,1
225,0,0,0,0,0,1,0,0,-0.5345909152096044,0,2.336986519711378,3,0,0,1,0,1,0
226,0,0,0,0,0,1,0,0,-0.7600798189876746,0,2.4423470353692043,2,0,0,1,0,1,1
227,0,0,0,0,0,1,0,0,-0.6473353670986396,0,2.1102132003465894,3,0,0,1,0,1,0
228,0,0,0,0,0,1,0,0,-0.8352427869136981,0,2.6390573296152584,2,0,0,1,0,1,0
229,0,0,0,0,0,0,1,0,-0.5721723991726162,1,3.275887339030031,3,0,4,0,0,1,0
230,0,0,0,0,0,0,0,1,0.44252766782869984,1,4.436455632600354,1,3,1,0,0,1,1
231,0,0,0,0,0,1,0,0,-0.008450139727440605,0,2.1719067693519296,3,0,0,1,0,1,0
232,0,0,0,0,0,1,0,0,2.2464388980532615,0,2.6741486494265287,2,0,0,1,0,1,0
233,0,0,0,0,0,0,1,0,-1.8123613699520025,1,3.4777725458882283,3,0,6,0,0,1,1
234,0,0,0,0,0,1,0,0,-0.38426497935755766,0,2.4423470353692043,2,0,0,1,0,1,0
235,0,0,0,0,0,0,1,0,-0.5721723991726162,1,2.145931282948669,3,0,0,1,0,1,0
236,0,0,0,0,0,1,0,0,1.1189943791629104,0,3.295836866004329,2,0,1,0,0,1,0
237,0,0,0,0,0,0,1,0,-1.5868724661739322,1,3.305053521109253,2,0,2,0,0,1,1
238,0,0,0,0,0,1,0,0,-0.7600798189876746,0,2.4423470353692043,2,0,0,1,0,1,0
239,0,0,0,0,0,1,0,0,0.292201731976653,0,2.5858825671280026,2,0,0,1,0,1,0
240,0,0,0,0,0,0,1,0,-0.5721723991726162,1,2.737880811060884,3,0,1,0,0,0,0
241,0,0,0,0,0,0,1,0,-0.5721723991726162,1,2.803360380906535,3,0,1,0,1,0,1
242,0,0,0,0,0,1,0,0,-0.008450139727440605,0,2.4423470353692043,2,0,0,1,0,1,0
243,0,0,0,0,0,1,0,0,-0.5345909152096044,0,2.094945728215801,3,0,0,1,0,1,0
244,0,0,0,0,0,1,0,0,0.0667128281985828,0,2.1071782966514356,3,0,0,1,0,0,0
245,0,0,1,0,0,0,0,0,1.1189943791629104,0,4.51085950651685,1,3,2,0,1,0,0
246,0,0,0,0,0,0,1,0,-0.30910201143153426,1,2.1719067693519296,3,0,0,1,0,1,0
247,0,0,0,0,0,0,0,1,-0.38426497935755766,1,2.740840023925201,2,0,2,0,0,1,1
248,0,0,0,0,0,1,0,0,0.5928536036807467,0,3.9806942251907276,1,4,2,0,0,1,1
249,0,0,1,0,0,0,0,0,1.8706240584231446,0,3.295836866004329,2,0,1,0,0,1,0
250,0,0,0,0,0,1,0,0,-0.30910201143153426,0,2.1102132003465894,3,0,0,1,0,1,0
251,0,0,0,0,0,0,0,1,-0.008450139727440605,1,2.4390808375825834,3,7,2,0,0,1,0
252,0,0,0,0,0,1,0,0,2.471927801831332,0,3.3160025355989236,1,3,0,1,0,1,0
253,0,0,0,0,0,1,0,0,0.0667128281985828,0,2.8390784635086144,3,0,1,0,0,1,0
254,0,0,0,0,0,0,0,1,0.8935054753848403,1,3.0545906305603445,3,0,2,0,0,1,0
255,0,0,0,0,0,0,0,1,-0.008450139727440605,1,2.7878344138303452,3,0,2,0,0,0,1
256,0,0,0,0,0,0,0,1,0.44252766782869984,1,4.384523514872469,1,0,0,1,0,0,1
257,0,0,0,0,0,0,1,0,0.0667128281985828,1,4.471638793363569,1,2,0,1,0,1,1
258,0,0,0,0,0,0,1,0,0.44252766782869984,1,6.240917354759096,1,0,0,1,0,0,1
259,0,0,0,0,0,0,0,1,1.569972186719051,1,3.295836866004329,2,0,1,0,0,1,1
260,0,0,0,0,0,1,0,0,-0.30910201143153426,0,2.169053700369523,3,0,0,1,1,0,0
261,0,0,0,1,0,0,0,0,-1.9626873058040493,0,3.4777725458882283,3,0,6,0,0,1,1
262,0,0,0,0,0,1,0,0,1.7202981225710978,0,4.390118804571218,1,5,2,0,0,1,0
263,0,0,0,0,0,1,0,0,0.8183425074588169,0,0.0,1,2,0,1,0,1,0
264,0,0,0,0,0,0,1,0,-0.5721723991726162,1,2.169053700369523,3,0,0,1,1,0,0
265,0,0,0,0,0,1,0,0,0.5176906357547233,0,2.4423470353692043,2,0,0,1,0,1,0
266,0,0,0,0,0,1,0,0,-0.9855687227657449,0,3.705920919968788,3,0,5,0,0,1,0
267,0,0,0,0,0,1,0,0,-0.30910201143153426,0,2.1719067693519296,3,0,1,0,0,1,1
268,0,0,0,0,0,0,0,1,2.1712759301272384,1,5.039951348430309,1,3,1,0,0,1,1
269,0,0,0,0,0,0,1,0,0.44252766782869984,1,4.91730069488021,1,3,0,1,0,1,1
270,0,0,0,0,0,1,0,0,0.8183425074588169,0,3.4657359027997265,1,0,0,1,0,1,0
271,0,0,0,0,0,1,0,0,-0.30910201143153426,0,0.0,3,0,0,1,0,1,1
272,0,0,0,0,0,0,0,1,0.8935054753848403,1,3.0204248861443626,2,0,1,0,0,1,1
273,0,0,0,0,0,1,0,0,0.5928536036807467,0,3.4242626545931514,1,3,1,0,0,0,0
274,0,0,0,0,0,0,1,0,-0.5721723991726162,1,2.169053700369523,3,0,0,1,1,0,1
275,0,0,0,0,0,0,1,0,2.547090769757355,1,4.368919865004903,1,4,1,0,0,1,1
276,0,0,0,0,0,0,1,0,1.194157347088934,1,2.169053700369523,3,0,0,1,0,1,0
277,0,0,0,0,0,1,0,0,0.0667128281985828,0,0.0,2,0,0,1,0,1,0
278,0,0,0,1,0,0,0,0,-1.6620354340999555,0,3.405355391810819,3,0,5,0,1,0,0
279,0,0,0,0,0,0,0,1,0.44252766782869984,1,3.056356895370426,3,0,2,0,0,1,1
280,0,0,0,0,0,1,0,0,2.697416705609402,0,2.169053700369523,3,0,0,1,1,0,0
281,0,0,0,0,0,1,0,0,-0.08361310765346401,0,2.180891922715322,3,0,0,1,0,1,0
282,0,0,0,0,0,1,0,0,-0.9855687227657449,0,2.3513752571634776,3,0,0,1,0,1,0
283,0,0,0,0,0,1,0,0,-0.7600798189876746,0,2.2027647577118348,3,0,0,1,0,1,1
284,0,0,0,0,0,1,0,0,0.8183425074588169,0,3.295836866004329,1,1,0,1,0,1,0
285,0,0,0,0,0,1,0,0,0.292201731976653,0,2.2682524139135403,3,0,0,1,0,0,0
286,0,0,0,0,0,1,0,0,0.0667128281985828,0,2.3513752571634776,3,0,0,1,0,1,1
287,0,0,0,0,0,1,0,0,-0.5345909152096044,0,2.1855792552411137,3,0,0,1,0,1,0
288,0,0,0,0,0,1,0,0,0.9686684433108637,0,2.6390573296152584,2,0,0,1,0,1,1
289,0,0,0,0,0,0,1,0,-0.5345909152096044,1,2.169053700369523,3,0,0,1,1,0,1
290,0,0,0,0,0,0,1,0,-0.23393904350551084,1,4.380149874661021,1,0,0,1,0,1,1
291,0,0,0,0,0,0,0,1,-0.7600798189876746,1,4.5226490762785785,1,2,1,0,0,0,1
292,0,0,0,0,0,1,0,0,0.5176906357547233,0,2.630088659632498,2,4,0,1,0,0,0
293,0,0,0,0,0,0,1,0,-0.38426497935755766,1,2.2874714551839976,3,0,0,1,0,1,0
294,0,0,0,0,0,1,0,0,-0.38426497935755766,0,2.1855792552411137,3,0,0,1,0,1,0
295,0,0,0,0,0,1,0,0,0.8183425074588169,0,3.357621598945279,1,0,0,1,0,0,0
296,0,0,0,0,0,1,0,0,-0.42184646332056935,0,2.1076888046179385,3,0,0,1,0,0,0
297,0,0,0,0,0,0,1,0,-2.0378502737300725,1,5.027492411162679,1,3,3,0,0,1,0
298,0,0,0,0,0,1,0,0,0.8183425074588169,0,3.449987545831587,1,3,0,1,0,1,1
299,0,0,0,0,0,0,0,1,1.569972186719051,1,5.515526544247129,1,2,1,0,0,0,1
300,0,0,0,0,0,0,1,0,-0.5721723991726162,1,2.169053700369523,3,0,0,1,1,0,1
301,0,0,0,0,0,1,0,0,-0.30910201143153426,0,3.188416617383492,3,0,2,0,1,0,1
302,0,0,0,0,0,1,0,0,-0.7600798189876746,0,0.0,3,0,0,1,0,1,0
303,0,0,0,0,0,0,1,0,-0.08361310765346401,1,2.5915163848462583,2,5,0,1,1,0,1
304,0,0,0,0,0,1,0,0,-0.30910201143153426,0,2.2027647577118348,3,0,0,1,0,1,0
305,0,0,0,1,0,0,0,0,-2.119026279090178,0,5.027492411162679,1,3,3,0,0,1,1
306,0,0,0,0,0,0,1,0,0.44252766782869984,1,4.717456363787216,1,0,0,1,0,0,1
307,0,0,0,0,0,0,0,1,-0.9104057548397215,1,4.699570861409576,1,3,1,0,0,0,1
308,0,0,0,0,0,1,0,0,0.0667128281985828,0,3.2188758248682006,2,0,1,0,0,0,0
309,0,0,0,0,0,0,1,0,0.0667128281985828,1,4.0592215752427645,1,5,0,1,0,0,1
310,0,0,0,0,0,0,1,0,-0.38426497935755766,1,4.432699549165613,1,3,0,1,0,0,1
311,0,0,0,0,0,0,1,0,-0.8352427869136981,1,5.5735788721243535,1,2,4,0,0,0,1
312,0,0,0,0,0,0,0,1,-0.23393904350551084,1,3.295836866004329,2,0,2,0,0,1,0
313,0,0,0,0,0,1,0,0,-0.08361310765346401,0,2.1855792552411137,3,0,0,1,0,1,0
314,0,0,0,0,0,1,0,0,1.0438314112368872,0,3.305053521109253,2,0,2,0,0,1,0
315,0,0,0,0,0,0,1,0,-0.23393904350551084,1,2.180891922715322,3,0,0,1,0,1,1
316,0,0,0,0,0,0,0,1,-0.38426497935755766,1,3.295836866004329,2,0,1,0,0,1,1
317,0,0,1,0,0,0,0,0,1.8706240584231446,0,2.70805020110221,2,0,0,1,0,1,0
318,0,0,0,0,0,0,1,0,0.1418757961246062,1,5.11118445372147,1,3,2,0,0,1,1
319,0,0,0,0,0,0,0,1,0.8183425074588169,1,4.908971640319756,1,5,2,0,0,0,1
320,0,0,0,0,0,1,0,0,-0.5345909152096044,0,2.1102132003465894,3,0,0,1,0,1,0
321,0,0,0,0,0,1,0,0,-0.15877607557948742,0,2.1855792552411137,3,0,0,1,0,1,0
322,0,0,0,0,0,0,1,0,0.0667128281985828,1,2.5915163848462583,2,0,0,1,1,0,1
323,0,0,0,0,0,0,0,1,-0.5345909152096044,1,3.4011973816621555,2,0,2,0,0,1,1
324,0,0,0,0,0,1,0,0,-0.30910201143153426,0,4.256321678298823,3,0,10,0,0,1,0
325,0,0,0,0,0,0,1,0,0.5176906357547233,1,4.91730069488021,1,3,0,1,0,0,1
326,0,0,0,0,0,1,0,0,2.3967648339053085,0,1.9792758428991135,3,0,0,1,0,1,0
327,0,0,0,0,0,0,0,1,0.5176906357547233,1,2.6390573296152584,2,4,0,1,0,1,1
328,0,0,0,0,0,0,0,1,0.1418757961246062,1,3.0692150503137943,3,0,2,0,0,1,1
329,0,0,0,0,0,0,1,0,-0.9855687227657449,1,4.077184839375167,1,2,1,0,0,0,1
330,0,0,0,0,0,0,1,0,-0.5721723991726162,1,3.188416617383492,3,0,2,0,1,0,1
331,0,0,0,0,0,1,0,0,1.2317388310519457,0,3.3843902633457743,1,3,0,1,0,1,0
332,0,0,0,0,0,1,0,0,0.6680165716067701,0,5.039951348430309,1,3,1,0,0,1,0
333,0,0,0,0,0,1,0,0,-0.9855687227657449,0,2.9444389791664403,3,0,2,0,0,1,0
334,0,0,0,0,0,0,0,1,0.44252766782869984,1,4.902678819257608,1,0,1,0,0,1,1
335,0,0,0,0,0,1,0,0,-0.30910201143153426,0,2.1855792552411137,3,0,0,1,0,1,0
336,0,0,0,0,0,1,0,0,-0.008450139727440605,0,4.213607983048918,1,3,1,0,0,1,0
337,0,0,0,0,0,0,1,0,0.8935054753848403,1,4.908971640319756,1,5,0,1,0,0,1
338,0,0,0,0,0,1,0,0,1.194157347088934,0,2.2027647577118348,3,0,0,1,0,1,1
339,0,0,0,0,0,1,0,0,1.194157347088934,0,3.597312260588446,1,8,0,1,0,1,0
340,0,0,0,1,0,0,0,0,-2.0378502737300725,0,3.295836866004329,2,6,2,0,0,1,1
341,0,0,0,0,0,0,1,0,-0.38426497935755766,1,5.575949103146316,1,3,5,0,0,1,1
342,0,0,0,0,0,1,0,0,-0.08361310765346401,0,2.6390573296152584,2,0,0,1,0,1,0
343,0,0,0,0,0,1,0,0,-0.30910201143153426,0,2.6390573296152584,2,0,0,1,0,1,0
344,0,0,0,0,0,1,0,0,0.5176906357547233,0,2.6390573296152584,2,0,0,1,0,1,0
345,0,0,0,0,0,0,1,0,-0.38426497935755766,1,2.6390573296152584,2,6,0,1,0,1,1
346,0,0,0,0,0,0,1,0,0.8183425074588169,1,2.6390573296152584,2,0,0,1,0,1,1
347,0,0,0,0,0,0,0,1,-0.5721723991726162,1,2.8390784635086144,3,0,1,0,0,1,1
348,0,0,0,1,0,0,0,0,-1.9626873058040493,0,2.8273136219290276,3,0,2,0,0,1,1
349,0,0,0,0,0,1,0,0,0.9686684433108637,0,2.2682524139135403,3,0,0,1,0,1,0
350,0,0,0,0,0,1,0,0,-0.45942794728358105,0,2.3248357019288655,3,0,0,1,0,1,0
351,0,0,0,0,0,1,0,0,0.8183425074588169,0,3.58351893845611,1,3,0,1,0,1,0
352,0,0,0,0,0,1,0,0,-1.0607316906917683,0,2.1076888046179385,3,0,2,0,0,0,0
353,0,0,0,0,0,1,0,0,-0.30910201143153426,0,2.9338568698359038,3,0,1,0,0,1,0
354,0,0,0,0,0,1,0,0,-0.30910201143153426,0,2.1071782966514356,3,0,0,1,0,0,0
355,0,0,0,0,0,1,0,0,-0.08361310765346401,0,2.3513752571634776,3,0,0,1,0,1,0
356,0,0,0,0,0,0,1,0,-0.5345909152096044,1,4.02535169073515,1,5,1,0,0,1,1
357,0,0,0,0,0,0,1,0,0.6680165716067701,1,2.6390573296152584,2,0,0,1,0,1,0
358,0,0,0,0,0,0,1,0,-0.5721723991726162,1,2.1837114628556327,3,0,0,1,1,0,1
359,0,0,0,0,0,0,1,0,-0.5721723991726162,1,2.1837114628556327,3,0,0,1,1,0,1
360,0,0,0,0,0,1,0,0,0.8183425074588169,0,3.3638415951183864,3,0,5,0,0,1,0
361,0,0,0,0,0,1,0,0,-0.008450139727440605,0,3.357621598945279,2,0,1,0,0,0,0
362,0,0,0,0,0,0,0,1,1.194157347088934,1,2.737880811060884,3,0,1,0,0,0,0
363,0,0,0,0,0,1,0,0,0.44252766782869984,0,2.0856720914304723,3,0,0,1,0,1,0
364,0,0,0,0,0,1,0,0,-0.30910201143153426,0,2.803360380906535,3,0,1,0,1,0,0
365,0,0,0,0,0,1,0,0,0.0667128281985828,0,2.1102132003465894,3,0,0,1,0,1,0
366,0,0,0,0,0,0,0,1,2.321601865979285,1,4.334017415487521,1,4,1,0,0,0,1
367,0,0,0,0,0,0,0,1,-0.5721723991726162,1,2.1076888046179385,3,0,0,1,0,0,1
368,0,0,0,0,0,0,1,0,-0.5721723991726162,1,2.169053700369523,3,0,0,1,1,0,1
369,0,0,0,0,0,0,0,1,-0.38426497935755766,1,4.252771798816619,1,2,0,1,0,0,1
370,0,0,0,0,0,1,0,0,-0.30910201143153426,0,4.0332082470129285,1,5,1,0,0,0,1
371,0,0,0,0,0,1,0,0,-0.8352427869136981,0,2.0143428636837015,3,0,1,0,0,1,0
372,0,0,0,0,0,1,0,0,-0.7600798189876746,0,2.2027647577118348,3,0,0,1,0,1,0
373,0,0,0,0,0,1,0,0,-0.5345909152096044,0,4.91730069488021,1,0,0,1,0,0,0
374,0,0,0,0,0,0,1,0,-1.9626873058040493,1,3.0944457464900235,3,0,4,0,0,1,0
375,0,0,0,0,0,0,0,1,0.44252766782869984,1,4.420896324687287,1,0,1,0,0,0,1
376,0,0,0,0,0,0,1,0,-0.5345909152096044,1,2.1102132003465894,3,0,0,1,0,1,1
377,0,0,0,0,0,1,0,0,-0.15877607557948742,0,5.358941988364472,1,3,2,0,0,0,0
378,0,0,0,0,0,1,0,0,-0.6849168510616512,0,1.6119347926326877,3,0,0,1,0,0,0
379,0,0,0,0,0,1,0,0,-0.7600798189876746,0,2.1719067693519296,3,0,0,1,0,1,0
380,0,0,0,0,0,0,1,0,0.9686684433108637,1,5.4316456135398825,1,0,0,1,0,0,1
381,0,0,0,0,0,0,1,0,-2.113013241656096,1,2.817902613071225,3,0,2,0,0,0,1
382,0,0,0,0,0,1,0,0,0.2170387640506296,0,2.188856327665703,3,0,0,1,0,1,0
383,0,0,0,0,0,0,0,1,0.44252766782869984,1,3.970291913552122,1,0,1,0,0,1,1
384,0,0,0,0,0,1,0,0,-0.30910201143153426,0,2.1855792552411137,3,0,0,1,0,1,0
385,0,0,0,0,0,1,0,0,-0.8352427869136981,0,4.310799125385514,2,0,0,1,0,1,0
386,0,0,0,1,0,0,0,0,-2.113013241656096,0,3.8691155044168695,3,0,7,0,0,1,0
387,0,0,0,0,0,0,1,0,0.5176906357547233,1,2.6390573296152584,2,0,0,1,0,1,1
388,0,0,0,0,0,1,0,0,-0.30910201143153426,0,2.1666737276227077,3,0,0,1,1,0,0
389,0,0,0,0,0,0,1,0,-0.9104057548397215,1,2.5649493574615367,2,0,0,1,0,0,1
390,0,0,0,0,0,1,0,0,0.5176906357547233,0,4.795790545596741,1,2,3,0,0,1,1
391,0,0,0,0,0,1,0,0,-0.6097538831356278,0,2.174274334826008,3,0,0,1,0,1,1
392,0,0,0,0,0,1,0,0,-0.08361310765346401,0,2.188856327665703,3,0,2,0,0,1,0
393,0,0,0,0,0,0,1,0,-0.45942794728358105,1,4.738607824217808,1,4,1,0,0,0,1
394,0,0,0,0,0,0,0,1,-0.38426497935755766,1,2.8735646395797834,3,7,2,0,0,1,1
395,0,0,0,0,0,1,0,0,-0.5345909152096044,0,2.174274334826008,3,0,0,1,0,1,0
396,0,0,0,0,0,0,1,0,0.1418757961246062,1,2.180891922715322,3,0,0,1,0,1,0
397,0,0,0,0,0,1,0,0,1.2693203150149572,0,3.295836866004329,2,0,0,1,0,1,0
398,0,0,1,0,0,0,0,0,-0.45942794728358105,0,2.4423470353692043,2,0,0,1,0,1,0
399,0,0,0,0,0,0,0,1,-0.08361310765346401,1,2.613739521630969,2,0,0,1,0,1,1
400,0,0,0,0,0,1,0,0,0.7431795395327935,0,2.188856327665703,3,0,0,1,0,1,1
401,0,0,0,0,0,1,0,0,-0.23393904350551084,0,2.2027647577118348,3,0,0,1,0,1,0
402,0,0,0,0,0,0,1,0,-0.6097538831356278,1,2.3818582738885534,3,0,1,0,0,1,0
403,0,0,0,0,0,1,0,0,-0.08361310765346401,0,2.8243506567983707,3,0,1,0,0,1,0
404,0,0,0,0,0,0,1,0,-0.6849168510616512,1,2.2682524139135403,3,0,0,1,0,1,0
405,0,0,0,0,0,1,0,0,0.36736469990267645,0,3.091042453358316,2,0,1,0,0,1,0
406,0,0,0,0,0,1,0,0,1.6451351546450743,0,2.169053700369523,3,0,0,1,0,1,0
407,0,0,0,1,0,0,0,0,-1.9626873058040493,0,2.9831534913471307,2,0,2,0,0,1,1
408,0,0,0,0,0,1,0,0,-0.6097538831356278,0,2.1719067693519296,3,0,0,1,0,1,0
409,0,0,0,0,0,0,1,0,-0.5721723991726162,1,3.275887339030031,3,0,4,0,0,1,0
410,0,0,0,0,0,1,0,0,-0.30910201143153426,0,2.1855792552411137,3,0,0,1,0,1,0
411,0,0,0,0,0,1,0,0,-0.30910201143153426,0,2.061570298060867,3,0,0,1,1,0,0
412,0,0,0,0,0,0,1,0,0.292201731976653,1,4.51085950651685,1,3,1,0,1,0,1
413,0,0,0,0,0,1,0,0,0.0667128281985828,0,0.0,2,0,0,1,0,1,0
414,0,0,0,0,0,1,0,0,1.1189943791629104,0,2.188856327665703,3,0,0,1,0,1,1
415,0,0,0,0,0,0,0,1,-0.5721723991726162,1,2.2027647577118348,3,0,0,1,0,1,0
416,0,0,0,0,0,0,0,1,0.36736469990267645,1,3.5115454388310208,2,0,2,0,0,1,1
417,0,0,0,0,0,0,1,0,-0.8352427869136981,1,2.6390573296152584,2,0,2,0,0,1,1
418,0,0,0,0,0,1,0,0,0.0667128281985828,0,2.6390573296152584,2,0,0,1,0,1,0
419,0,0,0,0,0,0,1,0,-1.4365465303218854,1,3.224857896545748,3,0,2,0,0,1,0
420,0,0,0,0,0,1,0,0,-0.30910201143153426,0,2.1855792552411137,3,0,0,1,0,0,0
421,0,0,0,0,0,1,0,0,-0.6097538831356278,0,2.167143305297764,3,0,0,1,1,0,0
422,0,0,0,0,0,1,0,0,-0.008450139727440605,0,2.1832383353614797,3,0,0,1,0,1,0
423,0,0,0,0,0,0,0,1,-0.08361310765346401,1,2.7343675094195836,3,0,2,0,0,1,0
424,0,0,0,0,0,1,0,0,-0.8352427869136981,0,3.0545906305603445,3,0,2,0,0,1,0
425,0,0,0,0,0,1,0,0,-0.30910201143153426,0,2.1102132003465894,3,0,0,1,0,1,0
426,0,0,0,0,0,0,0,1,-0.08361310765346401,1,3.295836866004329,2,0,1,0,0,1,1
427,0,0,0,0,0,0,1,0,-0.7600798189876746,1,3.295836866004329,2,0,0,1,0,1,1
428,0,0,0,0,0,1,0,0,-0.30910201143153426,0,2.169053700369523,3,0,0,1,1,0,0
429,0,0,0,0,0,1,0,0,0.2170387640506296,0,2.2027647577118348,3,5,0,1,0,1,1
430,0,0,0,0,0,1,0,0,-0.08361310765346401,0,3.3160025355989236,1,3,0,1,0,1,1
431,0,0,0,0,0,0,0,1,-0.5721723991726162,1,2.8390784635086144,3,0,1,0,0,1,1
432,0,0,0,0,0,0,0,1,0.9686684433108637,1,3.295836866004329,2,0,1,0,0,1,1
433,0,0,0,0,0,1,0,0,-0.9104057548397215,0,2.094945728215801,3,0,0,1,0,1,0
434,0,0,0,0,0,1,0,0,1.569972186719051,0,4.041295341132285,1,5,1,0,0,1,0
435,0,0,0,0,0,0,1,0,-1.1358946586177918,1,4.795790545596741,1,2,3,0,0,1,1
436,0,0,0,0,0,0,1,0,-0.6097538831356278,1,3.5660053559634015,3,0,4,0,0,1,0
437,0,0,0,0,0,0,0,1,-0.38426497935755766,1,2.9831534913471307,2,0,5,0,0,1,1
438,0,0,0,0,0,1,0,0,2.6222537376833785,0,5.575949103146316,1,3,5,0,0,1,0
439,0,0,0,0,0,1,0,0,0.1418757961246062,0,2.4423470353692043,2,0,0,1,0,1,0
440,0,0,0,0,0,0,0,1,1.194157347088934,1,3.305053521109253,2,0,2,0,0,1,1
441,0,0,0,0,0,1,0,0,-0.6849168510616512,0,2.3513752571634776,3,0,0,1,0,1,0
442,0,0,0,0,0,1,0,0,-0.30910201143153426,0,2.1719067693519296,3,0,1,0,0,1,0
443,0,0,0,0,0,0,1,0,-0.08361310765346401,1,2.6390573296152584,2,0,0,1,0,1,1
444,0,0,0,0,0,1,0,0,-0.30910201143153426,0,2.2096470973347766,3,0,0,1,0,1,1
445,0,0,0,1,0,0,0,0,-1.8875243378780258,0,4.417131919904876,1,1,2,0,0,1,1
446,0,0,0,0,0,0,1,0,-1.211057626543815,1,3.0204248861443626,2,0,1,0,0,1,1
447,0,0,0,0,0,1,0,0,0.36736469990267645,0,3.3160025355989236,1,0,0,1,0,1,1
448,0,0,0,0,0,0,1,0,-1.8123613699520025,1,3.0085645861193133,3,0,3,0,0,0,1
449,0,0,1,0,0,0,0,0,1.7202981225710978,0,3.449987545831587,1,3,0,1,0,1,1
450,0,0,0,0,0,1,0,0,0.5176906357547233,0,3.3586377672433594,2,0,3,0,0,1,0
451,0,0,0,0,0,1,0,0,-0.30910201143153426,0,3.0429354648621407,3,0,1,0,0,1,0
452,0,0,0,0,0,1,0,0,0.0667128281985828,0,3.3586377672433594,1,3,0,1,0,0,0
453,0,0,0,0,0,1,0,0,1.4948092187930275,0,4.500966778400217,1,3,1,0,0,0,1
454,0,0,0,0,0,1,0,0,-0.30910201143153426,0,2.2027647577118348,3,0,0,1,0,1,0
455,0,0,0,0,0,1,0,0,-0.008450139727440605,0,2.1855792552411137,3,0,0,1,0,0,1
456,0,0,0,0,0,1,0,0,2.697416705609402,0,3.3160025355989236,1,5,0,1,0,1,0
457,0,0,0,0,0,0,0,1,0.44252766782869984,1,3.967694202798607,1,4,1,0,0,1,1
458,0,0,0,0,0,0,1,0,1.569972186719051,1,2.4423470353692043,2,0,0,1,0,1,1
459,0,0,0,0,0,1,0,0,-0.30910201143153426,0,2.169053700369523,3,0,0,1,1,0,0
460,0,0,0,0,0,1,0,0,1.4196462508670042,0,3.3160025355989236,1,5,0,1,0,1,1
461,0,0,0,0,0,1,0,0,0.36736469990267645,0,2.2027647577118348,3,0,0,1,0,1,0
462,0,0,0,0,0,1,0,0,1.3444832829409807,0,3.676300671907076,1,5,0,1,0,1,0
463,0,0,0,0,0,1,0,0,1.4196462508670042,0,2.6390573296152584,2,0,0,1,0,1,0
464,0,0,0,0,0,1,0,0,-0.30910201143153426,0,2.2027647577118348,3,0,0,1,0,1,0
465,0,0,0,0,0,1,0,0,0.6680165716067701,0,2.0856720914304723,3,0,0,1,0,1,0
466,0,0,0,0,0,1,0,0,0.0667128281985828,0,0.0,2,0,0,1,0,1,0
467,0,0,0,0,0,1,0,0,2.0209499942751914,0,3.3160025355989236,1,0,0,1,0,1,0
468,0,0,0,0,0,1,0,0,-0.30910201143153426,0,2.1661924680884908,3,0,0,1,1,0,0
469,0,0,0,0,0,0,1,0,-2.1318039836376017,1,3.0085645861193133,3,0,3,0,0,0,1
470,0,0,0,0,0,1,0,0,-0.30910201143153426,0,2.1102132003465894,3,0,0,1,0,1,0
471,0,0,0,0,0,1,0,0,0.6680165716067701,0,2.2682524139135403,3,0,0,1,0,1,0
472,0,0,0,0,0,0,0,1,0.292201731976653,1,3.3586377672433594,2,0,3,0,0,1,1
473,0,0,0,0,0,0,0,1,-0.45942794728358105,1,2.694066212646058,2,4,0,1,0,0,1
474,0,0,0,0,0,0,1,0,-0.5345909152096044,1,2.3830123421066602,3,0,0,1,0,1,0
475,0,0,0,0,0,1,0,0,0.8183425074588169,0,3.970291913552122,1,1,0,1,0,1,0
476,0,0,0,0,0,1,0,0,0.36736469990267645,0,3.091042453358316,2,0,1,0,0,1,0
477,0,0,0,0,0,1,0,0,-0.008450139727440605,0,2.0851502161468174,3,0,1,0,0,1,0
478,0,0,0,0,0,1,0,0,-0.5345909152096044,0,2.142510233146819,3,0,0,1,0,1,0
479,0,0,0,0,0,0,1,0,-2.0378502737300725,1,2.586823743668066,3,0,1,0,0,1,1
480,0,0,0,1,0,0,0,0,-1.5117094982479087,0,3.8691155044168695,3,0,7,0,0,1,0
481,0,0,0,0,0,1,0,0,0.0667128281985828,0,0.0,2,0,0,1,0,1,0
482,0,0,0,0,0,1,0,0,1.569972186719051,0,2.2027647577118348,3,0,0,1,0,1,0
483,0,0,0,0,0,0,0,1,2.547090769757355,1,2.3596740599781727,3,0,0,1,0,1,1
484,0,0,0,0,0,1,0,0,-0.30910201143153426,0,4.5226490762785785,1,2,1,0,0,0,1
485,0,0,0,0,0,0,1,0,-0.5721723991726162,1,3.275887339030031,3,0,4,0,0,1,0
486,0,0,0,0,0,0,0,1,0.44252766782869984,1,4.51085950651685,1,3,1,0,0,1,1
487,0,0,0,0,0,1,0,0,2.1712759301272384,0,3.4242626545931514,1,2,0,1,0,0,0
488,0,0,0,0,0,1,0,0,0.0667128281985828,0,2.2027647577118348,3,0,0,1,0,1,0
489,0,0,0,1,0,0,0,0,-1.5117094982479087,0,2.8273136219290276,3,0,2,0,0,1,1
490,0,0,0,0,0,1,0,0,-0.30910201143153426,0,3.0429354648621407,3,0,1,0,0,1,0
491,0,0,0,0,0,1,0,0,-0.6097538831356278,0,2.1102132003465894,3,0,0,1,0,1,0
492,0,0,0,0,0,1,0,0,1.945787026349168,0,3.449987545831587,1,3,0,1,0,1,0
493,0,0,0,0,0,1,0,0,3.1483945131655426,0,3.922056501139853,1,0,0,1,0,0,0
494,0,0,0,0,0,1,0,0,-0.6097538831356278,0,2.2027647577118348,3,0,0,1,0,1,0
495,0,0,0,0,0,1,0,0,-0.30910201143153426,0,2.738146075922933,3,0,0,1,0,0,0
496,0,0,0,0,0,0,1,0,1.8706240584231446,1,4.37281811610993,1,4,1,0,0,0,1
497,0,0,0,0,0,1,0,0,-0.30910201143153426,0,2.7788192719904172,3,0,0,1,0,1,0
498,0,0,0,0,0,0,0,1,-0.30910201143153426,1,5.027492411162679,1,3,3,0,0,1,0
499,0,0,0,0,0,1,0,0,-0.38426497935755766,0,2.174274334826008,3,0,0,1,0,1,0
500,0,0,0,0,0,1,0,0,-0.9104057548397215,0,2.2682524139135403,3,0,0,1,0,1,0
501,0,0,0,0,0,0,1,0,-0.6097538831356278,1,2.169053700369523,3,0,0,1,1,0,0
502,0,0,0,0,0,0,1,0,-0.5721723991726162,1,2.155151800914312,3,0,0,1,1,0,0
503,0,0,0,0,0,0,1,0,0.5928536036807467,1,2.3596740599781727,3,0,0,1,0,1,0
504,0,0,0,0,0,0,1,0,-0.9855687227657449,1,4.471638793363569,1,2,0,1,0,1,1
505,0,0,0,0,0,1,0,0,-0.8352427869136981,0,4.699570861409576,1,3,1,0,0,0,0
506,0,0,0,0,0,0,0,1,0.292201731976653,1,3.295836866004329,2,0,2,0,0,1,1
507,0,0,0,0,0,1,0,0,0.8183425074588169,0,3.3160025355989236,1,0,0,1,0,1,1
508,0,0,0,0,0,1,0,0,-0.08361310765346401,0,3.1580636854714434,3,0,0,1,0,1,0
509,0,0,0,0,0,1,0,0,-0.23393904350551084,0,4.05171190165724,3,0,0,1,0,1,1
510,0,0,0,0,0,1,0,0,-0.008450139727440605,0,2.169053700369523,3,0,0,1,1,0,1
511,0,0,0,0,0,1,0,0,-0.30910201143153426,0,2.2027647577118348,3,0,0,1,0,1,0
512,0,0,0,0,0,1,0,0,0.5176906357547233,0,3.3064287218760624,1,5,0,1,0,1,1
513,0,0,0,0,0,0,0,1,1.8706240584231446,1,4.100989104940769,1,0,1,0,0,0,1
514,0,0,0,0,0,1,0,0,-0.38426497935755766,0,2.139571923732859,3,0,0,1,0,1,0
515,0,0,0,0,0,1,0,0,1.3444832829409807,0,3.5559421706858756,1,4,0,1,0,1,0
516,0,0,0,0,0,0,0,1,0.36736469990267645,1,2.4423470353692043,2,6,0,1,0,1,1
517,0,0,0,0,0,1,0,0,-0.30910201143153426,0,3.224857896545748,3,0,0,1,1,0,0
518,0,0,0,0,0,0,0,1,0.5176906357547233,1,3.295836866004329,2,0,1,0,0,1,1
519,0,0,0,0,0,1,0,0,0.2170387640506296,0,2.1855792552411137,3,0,0,1,0,1,0
520,0,0,0,0,0,0,1,0,0.0667128281985828,1,4.548599834499697,1,2,0,1,0,1,1
521,0,0,0,0,0,1,0,0,-0.5345909152096044,0,2.1855792552411137,3,0,0,1,0,1,0
522,0,0,0,0,0,1,0,0,-0.30910201143153426,0,2.1071782966514356,3,0,0,1,0,0,0
523,0,0,0,0,0,0,0,1,1.1189943791629104,1,4.077184839375167,1,2,1,0,0,0,1
524,0,0,0,0,0,1,0,0,-0.30910201143153426,0,2.1076888046179385,3,0,0,1,0,0,0
525,0,0,0,0,0,1,0,0,0.8559239914218286,0,2.169053700369523,3,0,0,1,1,0,0
526,0,0,0,0,0,0,1,0,1.569972186719051,1,2.4423470353692043,2,0,0,1,0,1,1
527,0,0,0,0,0,1,0,0,0.8183425074588169,0,5.406181146423973,1,3,0,1,0,1,0
528,0,0,0,0,0,1,0,0,0.7431795395327935,0,2.188856327665703,3,0,0,1,0,1,0
529,0,0,0,0,0,1,0,0,-0.45942794728358105,0,2.5257286443082556,2,0,3,0,0,1,0
530,0,0,0,0,0,0,1,0,-2.0378502737300725,1,3.295836866004329,2,0,2,0,0,1,1
531,0,0,0,0,0,1,0,0,-0.30910201143153426,0,2.1076888046179385,3,0,0,1,0,0,0
532,0,0,0,0,0,1,0,0,-0.9104057548397215,0,2.1076888046179385,3,0,2,0,0,0,0
533,0,0,0,0,0,0,0,1,-0.5721723991726162,1,3.1509523813392697,3,0,2,0,0,0,1
534,0,0,0,0,0,0,1,0,0.0667128281985828,1,2.2682524139135403,3,0,0,1,0,1,0
535,0,0,0,0,0,0,1,0,-1.6620354340999555,1,3.305053521109253,2,0,2,0,0,1,1
536,0,0,1,0,0,0,0,0,1.194157347088934,0,3.3160025355989236,1,2,0,1,0,1,0
537,0,0,0,0,0,0,1,0,0.0667128281985828,1,4.676792929661059,1,0,0,1,0,0,1
538,0,0,0,0,0,1,0,0,-0.30910201143153426,0,2.740840023925201,3,0,0,1,0,1,0
539,0,0,0,0,0,0,1,0,-0.5345909152096044,1,3.9219733362813143,1,2,2,0,0,0,1
540,0,0,0,0,0,0,1,0,0.5176906357547233,1,4.276666119016055,1,2,2,0,0,1,1
541,0,0,0,0,0,0,1,0,-1.5117094982479087,1,3.4742929367327062,3,0,6,0,0,1,0
542,0,0,0,0,0,0,1,0,-1.361383562395862,1,3.4742929367327062,3,0,6,0,0,1,0
543,0,0,0,0,0,1,0,0,0.2170387640506296,0,3.295836866004329,2,0,1,0,0,1,1
544,0,0,0,0,0,1,0,0,1.569972186719051,0,4.676792929661059,1,3,1,0,0,0,0
545,0,0,0,0,0,1,0,0,2.6222537376833785,0,3.295836866004329,1,0,0,1,0,1,0
546,0,0,0,0,0,0,0,1,-0.7600798189876746,1,3.295836866004329,2,0,1,0,0,1,1
547,0,0,0,0,0,1,0,0,0.0667128281985828,0,2.6988412620169004,2,0,0,1,0,0,1
548,0,0,0,0,0,1,0,0,0.292201731976653,0,3.0692150503137943,3,0,2,0,0,1,0
549,0,0,0,1,0,0,0,0,-1.5868724661739322,0,3.6309854756950335,2,0,2,0,0,1,1
550,0,0,0,0,0,1,0,0,-0.9104057548397215,0,4.717456363787216,1,3,2,0,0,0,1
551,0,0,0,0,0,1,0,0,-0.15877607557948742,0,3.295836866004329,2,0,0,1,0,1,0
552,0,0,0,0,0,1,0,0,-0.30910201143153426,0,2.17806441028492,3,0,0,1,1,0,0
553,0,0,0,0,0,1,0,0,-0.5345909152096044,0,2.1071782966514356,3,0,0,1,0,0,1
554,0,0,0,0,0,0,1,0,-0.5345909152096044,1,2.1719067693519296,3,0,0,1,0,1,1
555,0,0,0,0,0,1,0,0,2.471927801831332,0,3.3160025355989236,1,0,0,1,0,1,0
556,0,0,0,0,0,0,0,1,1.4196462508670042,1,3.703768066607687,1,1,1,0,0,0,1
557,0,0,0,0,0,1,0,0,0.8183425074588169,0,5.4316456135398825,1,0,0,1,0,0,0
558,0,0,0,0,0,0,0,1,0.7431795395327935,1,4.390118804571218,1,5,2,0,0,1,1
559,0,0,0,0,0,0,0,1,0.5176906357547233,1,2.91235066461494,3,0,1,0,0,1,1
560,0,0,0,0,0,1,0,0,-0.30910201143153426,0,2.169053700369523,3,0,0,1,1,0,0
561,0,0,0,0,0,1,0,0,0.8183425074588169,0,2.1855792552411137,3,0,0,1,0,1,0
562,0,0,0,0,0,1,0,0,-0.08361310765346401,0,2.6741486494265287,2,0,0,1,0,1,0
563,0,0,0,0,0,1,0,0,-0.30910201143153426,0,2.2027647577118348,3,0,0,1,0,1,0
564,0,0,0,0,0,0,1,0,-0.5721723991726162,1,2.2027647577118348,3,0,0,1,0,1,0
565,0,0,0,0,0,1,0,0,-0.38426497935755766,0,3.224857896545748,3,0,2,0,0,1,0
566,0,0,0,0,0,1,0,0,-0.7600798189876746,0,2.1855792552411137,3,0,0,1,0,1,0
567,0,0,0,0,0,0,0,1,-0.008450139727440605,1,3.0944457464900235,3,0,4,0,0,1,0
568,0,0,0,0,0,1,0,0,-0.30910201143153426,0,2.1076888046179385,3,0,0,1,0,0,0
569,0,0,0,0,0,1,0,0,0.2170387640506296,0,2.180891922715322,3,0,0,1,0,1,1
570,0,0,0,0,0,1,0,0,2.471927801831332,0,2.4423470353692043,2,0,0,1,0,1,1
571,0,0,0,0,0,0,0,1,1.795461090497121,1,3.960416900617205,1,3,2,0,0,1,1
572,0,0,0,0,0,1,0,0,0.5176906357547233,0,3.3100867049215847,1,5,0,1,0,1,1
573,0,0,0,0,0,0,1,0,-0.5721723991726162,1,2.169053700369523,3,0,0,1,1,0,1
574,0,0,0,0,0,1,0,0,-0.9855687227657449,0,2.2027647577118348,3,0,0,1,0,1,0
575,0,0,0,0,0,1,0,0,-0.7600798189876746,0,2.740840023925201,3,0,0,1,0,1,0
576,0,0,0,0,0,0,1,0,0.36736469990267645,1,2.6390573296152584,2,0,0,1,0,1,1
577,0,0,0,0,0,0,0,1,0.7431795395327935,1,4.041295341132285,1,5,1,0,0,1,1
578,0,0,0,0,0,0,0,1,-0.5721723991726162,1,2.738146075922933,3,0,1,0,0,0,0
579,0,0,0,0,0,1,0,0,0.2170387640506296,0,2.188856327665703,3,0,0,1,0,1,1
580,0,0,0,0,0,0,1,0,-0.30910201143153426,1,3.4339872044851463,2,0,2,0,0,1,1
581,0,0,0,0,0,0,0,1,0.7431795395327935,1,4.717456363787216,1,3,2,0,0,0,1
582,0,0,0,0,0,1,0,0,1.8706240584231446,0,3.295836866004329,2,0,0,1,0,1,0
583,0,0,0,0,0,1,0,0,0.5176906357547233,0,3.716616209085536,1,1,0,1,0,0,0
584,0,0,0,0,0,1,0,0,-0.30910201143153426,0,2.2734137156937657,3,0,0,1,0,0,0
585,0,0,0,0,0,0,1,0,-0.8352427869136981,1,4.390118804571218,1,5,2,0,0,1,1
586,0,0,0,0,0,1,0,0,1.3444832829409807,0,2.772588722239781,2,0,0,1,0,1,0
587,0,0,0,0,0,1,0,0,2.321601865979285,0,4.384523514872469,1,2,2,0,0,0,1
588,0,0,0,0,0,1,0,0,-0.5345909152096044,0,2.2027647577118348,3,0,0,1,0,1,0
589,0,0,0,0,0,1,0,0,-0.30910201143153426,0,2.2027647577118348,3,0,0,1,0,1,0
590,0,0,0,0,0,1,0,0,0.44252766782869984,0,2.094945728215801,3,0,0,1,0,1,0
591,0,0,0,0,0,0,0,1,1.7202981225710978,1,4.37281811610993,1,4,1,0,0,0,1
592,0,0,0,0,0,1,0,0,1.3444832829409807,0,2.1102132003465894,3,0,0,1,0,1,0
593,0,0,0,0,0,0,1,0,-0.5721723991726162,1,2.169053700369523,3,0,2,0,1,0,0
594,0,0,0,0,0,1,0,0,0.5928536036807467,0,3.295836866004329,2,0,1,0,0,1,0
595,0,0,0,0,0,1,0,0,0.5176906357547233,0,3.224857896545748,3,0,2,0,0,1,0
596,0,0,0,0,0,0,1,0,-0.08361310765346401,1,3.5263605246161616,2,0,0,1,0,1,1
597,0,0,0,0,0,1,0,0,1.4948092187930275,0,0.0,3,0,0,1,0,1,0
598,0,0,0,0,0,1,0,0,-0.30910201143153426,0,2.1071782966514356,3,0,0,1,0,0,0
599,0,0,0,0,1,0,0,0,1.4948092187930275,0,4.0592215752427645,1,1,1,0,0,0,1
600,0,0,0,0,0,0,0,1,-0.38426497935755766,1,3.332204510175204,2,0,3,0,0,1,1
601,0,0,0,0,0,1,0,0,-0.30910201143153426,0,2.1855792552411137,3,0,0,1,0,1,0
602,0,0,0,0,0,1,0,0,0.8183425074588169,0,3.770459441106359,1,0,0,1,0,1,0
603,0,0,0,0,0,1,0,0,1.1189943791629104,0,2.2027647577118348,3,0,0,1,0,1,0
604,0,0,0,0,0,1,0,0,0.44252766782869984,0,3.3160025355989236,1,0,0,1,0,0,1
605,0,0,0,0,0,1,0,0,0.5176906357547233,0,2.806386101823072,3,0,1,0,0,1,0
606,0,0,0,0,0,1,0,0,0.0667128281985828,0,2.1855792552411137,3,0,0,1,0,1,0
607,0,0,0,0,0,1,0,0,-0.15877607557948742,0,3.449987545831587,1,0,0,1,0,1,1
608,0,0,0,0,0,0,0,1,-0.5345909152096044,1,3.7513658711253766,2,0,3,0,0,0,1
609,0,0,0,0,0,0,1,0,0.8183425074588169,1,5.039951348430309,1,3,0,1,0,1,1
610,0,0,0,0,0,0,0,1,0.7431795395327935,1,3.4742929367327062,3,0,6,0,0,1,0
611,0,0,0,0,0,1,0,0,-0.30910201143153426,0,2.0856720914304723,3,0,0,1,0,1,0
612,0,0,0,0,0,0,1,0,-0.5721723991726162,1,2.803360380906535,3,0,1,0,1,0,1
613,0,0,0,0,0,1,0,0,-0.30910201143153426,0,2.169053700369523,3,0,0,1,1,0,0
614,0,0,0,0,0,1,0,0,0.44252766782869984,0,2.2027647577118348,3,0,0,1,0,1,0
615,0,0,0,0,0,0,1,0,-0.38426497935755766,1,4.189654742026425,2,0,3,0,0,1,1
616,0,0,0,0,0,1,0,0,0.36736469990267645,0,2.7343675094195836,3,0,2,0,0,1,0
617,0,0,0,0,0,0,0,1,-0.23393904350551084,1,2.8390784635086144,3,0,1,0,0,1,0
618,0,0,0,0,0,0,1,0,-1.8875243378780258,1,3.6888794541139363,2,6,3,0,0,1,1
619,0,0,0,0,0,1,0,0,-0.23393904350551084,0,2.4423470353692043,2,0,0,1,0,1,0
620,0,0,0,0,0,1,0,0,-0.15877607557948742,0,2.737880811060884,3,0,1,0,0,0,0
621,0,0,0,0,0,1,0,0,0.9686684433108637,0,3.9806942251907276,1,4,1,0,0,1,1
622,0,0,0,0,0,1,0,0,-0.6849168510616512,0,2.817902613071225,3,0,2,0,0,0,1
623,0,0,0,0,0,1,0,0,-0.6097538831356278,0,2.180891922715322,3,0,0,1,0,1,0
624,0,0,0,0,0,1,0,0,-0.6097538831356278,0,2.8390784635086144,3,0,0,1,0,1,0
625,0,0,0,0,0,1,0,0,2.3967648339053085,0,3.5061818266142577,1,4,0,1,0,1,0
626,0,0,1,0,0,0,0,0,2.096112962201215,0,2.5915163848462583,2,0,0,1,1,0,0
627,0,0,0,0,0,0,1,0,-0.6097538831356278,1,4.368919865004903,1,4,0,1,0,1,1
628,0,0,0,0,0,1,0,0,-0.23393904350551084,0,2.1855792552411137,3,0,0,1,0,1,0
629,0,0,0,0,0,1,0,0,-0.30910201143153426,0,2.167143305297764,3,0,0,1,1,0,0
630,0,0,0,0,0,1,0,0,3.8248612244997533,0,3.4339872044851463,1,1,0,1,0,1,1
631,0,0,0,0,0,1,0,0,1.6451351546450743,0,2.086193694502369,3,0,0,1,0,1,0
632,0,0,1,0,0,0,0,0,0.2170387640506296,0,3.449987545831587,1,2,0,1,0,0,1
633,0,0,0,0,0,1,0,0,0.8183425074588169,0,0.0,1,0,0,1,0,1,0
634,0,0,0,0,0,0,1,0,-1.5117094982479087,1,3.3638415951183864,3,0,5,0,0,1,0
635,0,0,0,0,0,0,1,0,-0.08361310765346401,1,2.6390573296152584,2,0,0,1,0,1,1
636,0,0,0,0,0,1,0,0,0.2170387640506296,0,2.188856327665703,3,0,0,1,0,1,0
637,0,0,0,0,0,1,0,0,0.1418757961246062,0,3.305053521109253,2,0,2,0,0,1,0
638,0,0,0,0,0,0,0,1,0.8935054753848403,1,3.705920919968788,3,0,5,0,0,1,0
639,0,0,0,0,0,1,0,0,-0.30910201143153426,0,2.8390784635086144,3,0,1,0,0,1,0
640,0,0,0,0,0,1,0,0,-0.6849168510616512,0,2.180891922715322,3,0,0,1,0,1,0
641,0,0,0,0,0,0,1,0,-0.38426497935755766,1,4.252771798816619,1,2,0,1,0,0,1
642,0,0,0,0,0,0,1,0,-2.0378502737300725,1,3.3638415951183864,3,0,5,0,0,1,0
643,0,0,0,0,0,1,0,0,-0.30910201143153426,0,4.05171190165724,3,0,0,1,0,1,1
644,0,0,0,0,0,0,1,0,-2.1318039836376017,1,3.0085645861193133,3,0,3,0,0,0,1
645,0,0,0,0,0,1,0,0,1.4196462508670042,0,4.353230991152628,1,4,1,0,0,0,1
646,0,0,0,0,0,1,0,0,-0.7600798189876746,0,2.1855792552411137,3,0,0,1,0,1,0
647,0,0,1,0,0,0,0,0,2.0209499942751914,0,3.597312260588446,1,1,0,1,0,0,1
648,0,0,0,0,0,1,0,0,-0.30910201143153426,0,2.145931282948669,3,0,0,1,0,1,0
649,0,0,0,0,0,0,1,0,-0.45942794728358105,1,2.145931282948669,3,0,0,1,0,1,1
650,0,0,0,0,0,1,0,0,-0.30910201143153426,0,2.1855792552411137,3,0,0,1,0,1,0
651,0,0,0,0,0,0,1,0,-0.8352427869136981,1,3.1780538303479458,2,0,1,0,0,1,1
652,0,0,0,0,0,1,0,0,-0.6097538831356278,0,2.2442459824059346,3,0,0,1,0,1,0
653,0,0,0,0,0,0,1,0,-0.5721723991726162,1,2.17806441028492,3,0,0,1,1,0,1
654,0,0,0,0,0,0,1,0,-0.8352427869136981,1,2.0476928433652555,3,0,0,1,1,0,0
655,0,0,0,0,0,1,0,0,-0.38426497935755766,0,4.310799125385514,2,0,2,0,0,1,0
656,0,0,0,0,0,1,0,0,-0.30910201143153426,0,2.1855792552411137,3,0,0,1,0,1,0
657,0,0,0,0,0,0,0,1,0.2170387640506296,1,2.803360380906535,3,0,2,0,1,0,0
658,0,0,0,0,0,1,0,0,-0.45942794728358105,0,2.6390573296152584,2,0,0,1,0,1,0
659,0,0,0,0,0,1,0,0,2.1712759301272384,0,4.738607824217808,1,4,2,0,0,0,0
660,0,0,1,0,0,0,0,0,1.569972186719051,0,4.902678819257608,1,0,2,0,0,1,1
661,0,0,0,0,0,1,0,0,0.8183425074588169,0,2.1071782966514356,3,0,0,1,0,0,0
662,0,0,0,0,0,1,0,0,1.3444832829409807,0,3.2804411805263554,1,5,0,1,0,1,0
663,0,0,0,0,0,1,0,0,0.5176906357547233,0,2.139571923732859,3,0,0,1,0,1,0
664,0,0,0,0,0,1,0,0,-0.6849168510616512,0,2.188856327665703,3,0,1,0,0,1,1
665,0,0,0,0,0,1,0,0,0.2170387640506296,0,4.310799125385514,2,0,2,0,0,1,0
666,0,0,0,0,0,1,0,0,-0.30910201143153426,0,2.6390573296152584,2,0,0,1,0,1,0
667,0,0,0,0,0,1,0,0,-0.30910201143153426,0,2.1719067693519296,3,0,0,1,0,1,0
668,0,0,0,0,0,1,0,0,1.0438314112368872,0,2.2027647577118348,3,0,0,1,0,1,0
669,0,0,0,0,0,0,0,1,0.44252766782869984,1,3.970291913552122,1,3,1,0,0,1,1
670,0,0,0,0,0,0,0,1,0.8183425074588169,1,3.6888794541139363,2,0,2,0,0,1,1
671,0,0,0,0,0,1,0,0,0.1418757961246062,0,3.970291913552122,1,2,1,0,0,1,0
672,0,0,0,0,0,1,0,0,3.073231545239519,0,2.4423470353692043,2,0,0,1,0,1,0
673,0,0,0,0,0,1,0,0,0.1418757961246062,0,2.6390573296152584,2,0,0,1,0,1,1
674,0,0,0,0,0,1,0,0,0.0667128281985828,0,0.0,2,0,0,1,0,1,0
675,0,0,0,0,0,1,0,0,-0.8352427869136981,0,2.1719067693519296,3,0,0,1,0,1,0
676,0,0,0,0,0,1,0,0,-0.34668349539454596,0,2.2027647577118348,3,0,0,1,0,1,0
677,0,0,0,0,0,0,1,0,-0.8352427869136981,1,2.3833998102837652,3,0,0,1,0,1,1
678,0,0,0,0,0,0,0,1,1.0438314112368872,1,3.8691155044168695,3,0,7,0,0,1,0
679,0,0,0,0,0,1,0,0,0.5176906357547233,0,6.240917354759096,1,2,1,0,0,0,1
680,0,0,0,0,0,0,1,0,-0.5721723991726162,1,2.212386825075897,3,0,0,1,1,0,0
681,0,0,0,0,0,1,0,0,-0.15877607557948742,0,4.353230991152628,1,4,0,1,0,0,1
682,0,0,0,0,0,1,0,0,-0.6849168510616512,0,2.3248357019288655,3,0,0,1,0,1,0
683,0,0,0,0,0,1,0,0,-1.1358946586177918,0,3.8691155044168695,3,0,7,0,0,1,0
684,0,0,0,0,0,1,0,0,2.321601865979285,0,3.6888794541139363,2,0,2,0,0,1,0
685,0,0,0,0,0,1,0,0,-0.30910201143153426,0,3.7513658711253766,2,0,3,0,0,0,0
686,0,0,0,0,0,1,0,0,-1.1358946586177918,0,3.705920919968788,3,0,5,0,0,1,0
687,0,0,0,0,0,1,0,0,-0.7600798189876746,0,2.4133032309283076,3,0,0,1,0,1,0
688,0,0,0,0,0,1,0,0,-0.8352427869136981,0,2.174274334826008,3,0,0,1,0,1,0
689,0,0,0,0,0,0,1,0,-1.0607316906917683,1,5.35817698994543,1,2,1,0,0,1,1
690,0,0,0,0,0,1,0,0,0.1418757961246062,0,4.060443010546419,1,2,1,0,0,1,1
691,0,0,0,0,0,0,1,0,-1.8875243378780258,1,2.668387256845834,3,0,1,0,0,0,1
692,0,0,0,0,0,1,0,0,-0.30910201143153426,0,4.05171190165724,3,0,0,1,0,1,1
693,0,0,0,0,0,1,0,0,-0.30910201143153426,0,2.1071782966514356,3,0,0,1,0,0,0
694,0,0,1,0,0,0,0,0,2.321601865979285,0,3.3160025355989236,1,0,0,1,0,1,0
695,0,0,0,0,0,1,0,0,1.7202981225710978,0,2.6741486494265287,2,0,0,1,0,1,0
696,0,0,0,0,0,1,0,0,1.1189943791629104,0,2.2027647577118348,3,0,0,1,0,1,0
697,0,0,0,0,0,0,1,0,-0.5721723991726162,1,2.167143305297764,3,0,0,1,1,0,1
698,0,0,0,0,0,1,0,0,1.4948092187930275,0,4.717456363787216,1,3,2,0,0,0,0
699,0,0,0,0,0,1,0,0,0.9686684433108637,0,2.157559320943788,3,6,0,1,0,1,0
700,0,0,0,0,0,0,0,1,-0.8352427869136981,1,5.4316456135398825,1,3,1,0,0,0,1
701,0,0,0,0,0,1,0,0,0.44252766782869984,0,3.3064287218760624,1,5,0,1,0,1,1
702,0,0,0,0,0,0,1,0,-0.8352427869136981,1,2.737880811060884,3,0,1,0,0,0,0
703,0,0,0,0,0,1,0,0,-0.30910201143153426,0,2.1681046787623672,3,0,0,1,1,0,0
704,0,0,0,0,0,1,0,0,-0.23393904350551084,0,2.180891922715322,3,0,1,0,0,1,0
705,0,0,0,0,0,1,0,0,0.7431795395327935,0,3.295836866004329,2,0,0,1,0,1,0
706,0,0,0,0,0,0,0,1,1.194157347088934,1,2.6741486494265287,2,0,0,1,0,1,1
707,0,0,0,0,0,1,0,0,0.9686684433108637,0,3.3064287218760624,1,5,0,1,0,1,1
708,0,0,0,0,0,0,1,0,-0.5345909152096044,1,5.027492411162679,1,0,0,1,0,1,1
709,0,0,0,1,0,0,0,0,-0.30910201143153426,0,2.7878344138303452,3,0,2,0,0,0,1
710,0,0,0,0,0,0,1,0,-0.38426497935755766,1,3.922056501139853,1,3,0,1,0,0,1
711,0,0,0,0,0,1,0,0,0.8183425074588169,0,3.3160025355989236,1,3,0,1,0,1,0
712,0,0,0,0,0,1,0,0,1.4196462508670042,0,3.970291913552122,1,3,1,0,0,1,1
713,0,0,0,0,0,1,0,0,-0.008450139727440605,0,2.3497835148230464,3,0,0,1,0,1,0
714,0,0,0,0,0,1,0,0,1.7202981225710978,0,2.6390573296152584,2,0,0,1,0,1,0
715,0,0,0,0,0,1,0,0,-0.7600798189876746,0,2.157559320943788,3,6,0,1,0,1,0
716,0,0,0,0,0,0,1,0,0.6680165716067701,1,5.4316456135398825,1,3,0,1,0,0,1
717,0,0,0,0,0,0,1,0,-0.15877607557948742,1,2.4423470353692043,2,5,0,1,0,1,1
718,0,0,0,0,0,1,0,0,-0.30910201143153426,0,2.803360380906535,3,0,0,1,1,0,0
719,0,0,0,0,0,1,0,0,0.292201731976653,0,2.1719067693519296,3,0,0,1,0,1,0
720,0,0,0,0,0,0,1,0,-1.737198402025979,1,3.5263605246161616,2,0,1,0,0,1,1
721,0,0,0,0,0,1,0,0,-0.9104057548397215,0,2.086193694502369,3,0,1,0,0,1,0
722,0,0,0,0,0,1,0,0,0.36736469990267645,0,2.6390573296152584,2,0,0,1,0,1,0
723,0,0,0,0,0,1,0,0,1.569972186719051,0,2.6390573296152584,2,0,0,1,0,1,0
724,0,0,0,0,0,1,0,0,-0.15877607557948742,0,3.9908341858524357,1,5,1,0,0,1,1
725,0,0,0,0,0,1,0,0,-0.6849168510616512,0,2.2682524139135403,3,0,0,1,0,1,0
726,0,0,0,0,0,0,0,1,0.0667128281985828,1,3.091042453358316,2,0,3,0,0,1,1
727,0,0,0,0,0,0,1,0,-0.5721723991726162,1,2.1676241075599285,3,0,0,1,1,0,1
728,0,0,0,0,0,1,0,0,-0.30910201143153426,0,3.295836866004329,2,0,1,0,0,1,0
729,0,0,0,0,0,0,1,0,-0.30910201143153426,1,2.188856327665703,3,0,1,0,0,1,0
730,0,0,0,0,0,0,1,0,-0.008450139727440605,1,5.35817698994543,1,2,0,1,0,1,1
731,0,0,0,0,0,1,0,0,-1.361383562395862,0,2.9850504252071306,3,0,0,1,0,0,0
732,0,0,0,0,0,1,0,0,0.0667128281985828,0,0.0,2,0,0,1,0,1,0
733,0,0,0,0,0,1,0,0,-0.45942794728358105,0,2.6390573296152584,2,0,0,1,0,1,0
734,0,0,0,0,0,1,0,0,-0.45942794728358105,0,2.6390573296152584,2,0,0,1,0,1,0
735,0,0,0,0,0,1,0,0,-0.04603162369045231,0,2.8390784635086144,3,0,0,1,0,1,0
736,0,0,0,0,0,0,0,1,1.4196462508670042,1,3.5660053559634015,3,0,4,0,0,1,0
737,0,0,0,0,0,1,0,0,0.44252766782869984,0,6.240917354759096,1,2,0,1,0,0,1
738,0,0,0,0,0,1,0,0,-0.30910201143153426,0,2.1855792552411137,3,0,0,1,0,1,0
739,0,0,0,0,0,1,0,0,-0.30910201143153426,0,2.1855792552411137,3,0,0,1,0,1,0
740,0,0,0,0,0,1,0,0,0.8183425074588169,0,3.4339872044851463,1,4,0,1,0,1,1
741,0,0,0,0,0,1,0,0,0.5176906357547233,0,4.380149874661021,1,3,1,0,0,1,0
742,0,0,0,0,0,0,1,0,-0.6097538831356278,1,5.5735788721243535,1,2,4,0,0,0,1
743,0,0,0,0,0,1,0,0,-0.38426497935755766,0,2.8390784635086144,3,0,1,0,0,1,0
744,0,0,0,0,0,1,0,0,0.1418757961246062,0,2.188856327665703,3,0,0,1,0,1,1
745,0,0,1,0,0,0,0,0,3.073231545239519,0,4.276666119016055,1,2,2,0,0,1,0
746,0,0,0,0,0,1,0,0,-0.9855687227657449,0,3.056356895370426,3,0,2,0,0,1,0
747,0,0,0,0,0,0,1,0,0.0667128281985828,1,2.6390573296152584,2,0,0,1,0,1,1
748,0,0,0,0,0,1,0,0,-0.7600798189876746,0,3.9908341858524357,1,4,1,0,0,1,0
749,0,0,0,0,0,1,0,0,0.1418757961246062,0,2.169053700369523,3,0,0,1,1,0,0
750,0,0,0,0,0,0,1,0,-1.8875243378780258,1,3.1780538303479458,2,0,2,0,0,1,1
751,0,0,0,1,0,0,0,0,-1.737198402025979,0,2.600836116795061,3,5,1,0,0,1,1
752,0,0,0,0,0,1,0,0,0.292201731976653,0,2.3513752571634776,3,0,0,1,0,1,0
753,0,0,0,0,0,1,0,0,-0.45942794728358105,0,2.1855792552411137,3,0,0,1,0,1,0
754,0,0,0,0,0,0,0,1,1.4196462508670042,1,4.189654742026425,2,0,3,0,0,1,1
755,0,0,0,1,0,0,0,0,-2.1378170210716836,0,2.740840023925201,2,0,2,0,0,1,1
756,0,0,0,0,0,1,0,0,-0.08361310765346401,0,2.174274334826008,3,0,0,1,0,1,0
757,0,0,0,0,0,1,0,0,-0.8352427869136981,0,2.5257286443082556,2,0,0,1,0,1,0
758,0,0,0,0,0,1,0,0,0.36736469990267645,0,2.2027647577118348,3,0,0,1,0,1,0
759,0,0,0,0,0,0,0,1,0.292201731976653,1,4.471638793363569,1,2,0,1,0,1,1
760,0,0,0,0,0,1,0,0,-0.30910201143153426,0,2.740840023925201,3,0,0,1,0,1,0
761,0,0,0,0,0,1,0,0,0.8935054753848403,0,2.094945728215801,3,0,0,1,0,1,0
762,0,0,0,0,0,1,0,0,-0.6849168510616512,0,2.1076888046179385,3,0,0,1,0,0,1
763,0,0,0,0,0,0,0,1,0.5176906357547233,1,4.795790545596741,1,2,3,0,0,1,1
764,0,0,0,0,0,1,0,0,-0.9855687227657449,0,2.1719067693519296,3,0,0,1,0,1,0
765,0,0,0,0,0,0,0,1,1.6451351546450743,1,4.368919865004903,1,4,1,0,0,1,1
766,0,0,1,0,0,0,0,0,0.8183425074588169,0,3.703768066607687,1,0,0,1,0,0,0
767,0,0,0,0,0,0,1,0,0.1042943121615945,1,2.169053700369523,3,0,0,1,1,0,0
768,0,0,0,0,0,1,0,0,-0.30910201143153426,0,3.224857896545748,3,0,1,0,1,0,0
769,0,0,0,0,0,1,0,0,0.2170387640506296,0,2.236712348843338,3,0,0,1,0,1,0
770,0,0,0,0,0,1,0,0,-0.38426497935755766,0,2.3513752571634776,3,0,0,1,0,1,0
771,0,0,0,0,0,1,0,0,1.4196462508670042,0,2.180891922715322,3,0,0,1,0,1,0
772,0,0,0,0,0,0,0,1,2.096112962201215,1,2.4423470353692043,2,5,0,1,0,1,0
773,0,0,0,0,0,1,0,0,-0.30910201143153426,0,2.1071782966514356,3,0,0,1,0,0,0
774,0,0,0,0,0,0,0,1,1.8706240584231446,1,3.1780538303479458,2,0,4,0,0,1,1
775,0,0,0,0,0,1,0,0,-0.8352427869136981,0,2.169053700369523,3,0,0,1,0,1,0
776,0,0,0,0,0,1,0,0,-0.30910201143153426,0,2.169053700369523,3,6,0,1,1,0,0
777,0,0,0,0,0,0,1,0,-1.8123613699520025,1,2.600836116795061,3,0,0,1,0,1,1
778,0,0,0,0,0,1,0,0,-0.30910201143153426,0,2.1676241075599285,3,0,0,1,1,0,0
779,0,0,0,0,0,0,0,1,1.0438314112368872,1,5.35817698994543,1,2,1,0,0,1,1
780,0,0,0,0,0,0,1,0,-1.211057626543815,1,2.1076888046179385,3,0,0,1,0,0,1
781,0,0,0,0,0,0,0,1,-0.9104057548397215,1,4.060443010546419,1,2,1,0,0,1,1
782,0,0,0,0,0,1,0,0,-0.008450139727440605,0,3.4339872044851463,1,4,0,1,0,1,0
783,0,0,0,0,0,1,0,0,-0.30910201143153426,0,3.196630215920881,3,0,3,0,0,1,0
784,0,0,0,0,0,1,0,0,-0.30910201143153426,0,2.0856720914304723,3,0,0,1,0,1,0
785,0,0,0,0,0,1,0,0,-0.30910201143153426,0,2.1102132003465894,3,0,0,1,0,1,0
786,0,0,0,0,0,0,1,0,-0.8352427869136981,1,2.139571923732859,3,0,0,1,0,1,1
787,0,0,0,1,0,0,0,0,-1.5868724661739322,0,3.405355391810819,3,0,5,0,1,0,0
788,0,0,0,1,0,0,0,0,-2.113013241656096,0,3.0715352369694915,3,0,3,0,0,1,1
789,0,0,0,0,0,1,0,0,1.2693203150149572,0,4.384523514872469,1,2,0,1,0,0,0
790,0,0,0,0,0,1,0,0,-0.30910201143153426,0,2.169053700369523,3,0,0,1,1,0,0
791,0,0,0,0,0,1,0,0,-0.9855687227657449,0,3.295836866004329,2,0,0,1,0,1,0
792,0,0,0,0,0,0,1,0,-0.5721723991726162,1,4.256321678298823,3,0,10,0,0,1,0
793,0,0,0,0,0,1,0,0,0.8183425074588169,0,3.4561841799918147,1,0,0,1,0,0,0
794,0,0,0,0,0,1,0,0,-0.30910201143153426,0,2.1855792552411137,3,0,0,1,0,1,0
795,0,0,0,0,0,1,0,0,0.7431795395327935,0,2.6390573296152584,2,0,0,1,0,1,0
796,0,0,1,0,0,0,0,0,1.4948092187930275,1,3.2932111997353943,1,4,0,1,0,1,1
797,0,0,0,0,0,0,0,1,0.1418757961246062,1,2.270402752283094,3,0,0,1,0,1,1
798,0,0,0,0,0,1,0,0,0.0667128281985828,0,2.1076888046179385,3,0,0,1,0,0,0
799,0,0,0,0,0,0,0,1,0.0667128281985828,1,3.224857896545748,3,0,2,0,0,1,0
800,0,0,0,0,0,1,0,0,0.36736469990267645,0,2.6390573296152584,2,0,0,1,0,1,0
801,0,0,0,0,0,0,0,1,0.1418757961246062,1,3.305053521109253,2,0,2,0,0,1,1
802,0,0,0,1,0,0,0,0,-1.361383562395862,0,4.795790545596741,1,2,3,0,0,1,1
803,0,0,0,1,0,0,0,0,-2.1566077630531897,0,2.2530481500547457,3,0,1,0,0,0,1
804,0,0,0,0,0,1,0,0,-0.15877607557948742,0,2.076311648670908,3,0,0,1,0,1,1
805,0,0,0,0,0,1,0,0,0.1418757961246062,0,2.1719067693519296,3,0,0,1,0,1,0
806,0,0,0,0,0,1,0,0,0.7431795395327935,0,0.0,1,1,0,1,0,1,0
807,0,0,0,0,0,0,1,0,-0.8352427869136981,1,2.1719067693519296,3,0,0,1,0,1,0
808,0,0,0,0,0,1,0,0,0.7431795395327935,0,2.6390573296152584,2,0,0,1,0,1,0
809,0,0,0,0,0,0,0,1,0.292201731976653,1,3.9908341858524357,1,5,1,0,0,1,1
810,0,0,0,0,0,1,0,0,-0.23393904350551084,0,2.184645795129359,3,0,0,1,0,1,0
811,0,0,0,0,0,1,0,0,0.7431795395327935,0,3.224857896545748,3,0,0,1,0,1,0
812,0,0,0,0,0,1,0,0,0.44252766782869984,0,2.4423470353692043,2,0,0,1,0,1,0
813,0,0,0,0,0,0,1,0,-1.737198402025979,1,3.4742929367327062,3,0,6,0,0,1,0
814,0,0,0,0,0,1,0,0,0.1042943121615945,0,2.2027647577118348,3,0,0,1,0,1,0
815,0,0,0,0,0,1,0,0,0.8183425074588169,0,0.0,1,2,0,1,0,1,0
816,0,0,0,0,0,0,1,0,-0.45942794728358105,1,2.188856327665703,3,0,0,1,0,1,0
817,0,0,0,0,0,1,0,0,0.1418757961246062,0,3.637696679934592,2,0,2,0,0,0,0
818,0,0,0,0,0,1,0,0,1.0438314112368872,0,2.0082140323914683,3,0,0,1,0,1,0
819,0,0,0,1,0,0,0,0,-1.4365465303218854,0,3.3638415951183864,3,0,5,0,0,1,0
820,0,0,0,0,0,0,0,1,1.7202981225710978,1,4.548599834499697,1,2,2,0,0,1,1
821,0,0,0,0,0,1,0,0,-0.15877607557948742,0,2.2682524139135403,3,0,0,1,0,1,1
822,0,1,0,0,0,0,0,0,0.6680165716067701,0,0.0,1,0,0,1,0,1,0
823,0,0,0,0,0,0,0,1,-0.15877607557948742,1,2.600836116795061,3,5,1,0,0,1,1
824,0,0,0,1,0,0,0,0,-2.0378502737300725,0,3.705920919968788,3,0,5,0,0,1,0
825,0,0,0,0,0,1,0,0,-0.30910201143153426,0,2.0731719286662407,3,0,0,1,1,0,0
826,0,0,0,0,0,1,0,0,-0.30910201143153426,0,4.05171190165724,3,0,0,1,0,1,0
827,0,0,0,1,0,0,0,0,-2.113013241656096,0,3.637696679934592,2,0,2,0,0,0,1
828,0,0,0,0,0,1,0,0,-0.30910201143153426,0,2.169053700369523,3,0,0,1,1,0,1
829,0,0,0,0,0,0,0,1,2.471927801831332,1,4.394449154672439,1,2,0,1,0,1,1
830,0,0,0,0,0,0,0,1,-1.0607316906917683,1,2.737880811060884,3,0,1,0,0,0,1
831,0,0,0,1,0,0,0,0,-2.1257909462035203,0,2.9831534913471307,2,0,2,0,0,1,1
832,0,0,0,0,0,1,0,0,-0.30910201143153426,0,2.1076888046179385,3,0,0,1,0,0,0
833,0,0,0,0,0,1,0,0,-0.45942794728358105,0,2.180891922715322,3,0,0,1,0,1,0
834,0,0,0,0,0,1,0,0,-0.8352427869136981,0,2.2300144001592104,3,0,0,1,0,1,0
835,0,0,0,0,0,0,1,0,0.7431795395327935,1,4.432699549165613,1,5,2,0,0,0,1
836,0,0,0,0,0,1,0,0,-0.6097538831356278,0,2.2682524139135403,3,0,0,1,0,1,0
837,0,0,0,0,0,1,0,0,-0.30910201143153426,0,2.2027647577118348,3,0,0,1,0,1,0
838,0,0,0,0,0,1,0,0,0.2170387640506296,0,4.05171190165724,3,0,0,1,0,1,1
839,0,0,0,0,0,1,0,0,0.8183425074588169,0,3.4242626545931514,1,3,0,1,0,0,1
840,0,0,0,0,0,1,0,0,-0.6849168510616512,0,2.188856327665703,3,0,0,1,0,1,0
841,0,0,0,0,0,1,0,0,-0.9855687227657449,0,2.4423470353692043,2,0,0,1,0,1,0
842,0,0,0,0,0,0,1,0,0.0667128281985828,1,3.4657359027997265,1,0,0,1,0,0,1
843,0,0,0,0,0,1,0,0,0.40494618386568815,0,2.006534770871748,3,0,0,1,0,0,0
844,0,0,0,0,0,1,0,0,-0.9104057548397215,0,2.2682524139135403,3,0,0,1,0,1,0
845,0,0,0,0,0,1,0,0,0.9686684433108637,0,2.145931282948669,3,0,0,1,0,1,0
846,0,0,0,0,0,1,0,0,-0.30910201143153426,0,4.256321678298823,3,0,10,0,0,1,0
847,0,0,0,0,0,1,0,0,0.44252766782869984,0,2.1855792552411137,3,0,0,1,0,0,0
848,0,0,1,0,0,0,0,0,-0.08361310765346401,0,3.5263605246161616,2,0,1,0,0,1,0
849,0,0,0,0,0,0,0,1,0.44252766782869984,1,4.500966778400217,1,3,1,0,0,0,1
850,0,0,0,1,0,0,0,0,-1.8875243378780258,0,3.4742929367327062,3,0,6,0,0,1,0
851,0,0,0,0,0,1,0,0,3.3738834169436127,0,2.1719067693519296,3,0,0,1,0,1,0
852,0,0,0,0,0,0,1,0,-1.5117094982479087,1,2.7878344138303452,3,0,2,0,0,0,0
853,0,0,0,0,0,0,1,0,-0.9855687227657449,1,3.6988297849671046,1,4,1,0,0,1,1
854,0,0,0,0,0,0,0,1,1.1189943791629104,1,3.295836866004329,2,0,1,0,0,1,0
855,0,0,0,0,0,0,0,1,-0.8352427869136981,1,2.336986519711378,3,0,1,0,0,1,1
856,0,0,0,0,0,0,0,1,1.194157347088934,1,5.11118445372147,1,0,2,0,0,1,1
857,0,0,0,0,0,1,0,0,1.6451351546450743,0,3.3160025355989236,1,5,0,1,0,1,1
858,0,0,0,0,0,0,0,1,-0.38426497935755766,1,3.0085645861193133,3,0,3,0,0,0,1
859,0,0,0,0,0,1,0,0,-0.30910201143153426,0,2.1076888046179385,3,0,0,1,0,0,0
860,0,0,0,0,0,1,0,0,0.8935054753848403,0,2.7152442616824506,3,0,2,0,0,1,0
861,0,0,0,0,0,1,0,0,-0.6097538831356278,0,2.5257286443082556,2,0,1,0,0,1,0
862,0,0,0,0,0,0,0,1,1.4196462508670042,1,3.2932111997353943,1,4,0,1,0,1,1
863,0,0,0,0,0,0,1,0,-0.5721723991726162,1,4.256321678298823,3,0,10,0,0,1,0
864,0,0,0,0,0,1,0,0,-0.38426497935755766,0,2.6390573296152584,2,0,0,1,0,1,0
865,0,0,0,0,0,0,0,1,0.9686684433108637,1,2.6390573296152584,2,0,0,1,0,1,1
866,0,0,0,0,0,0,1,0,-0.15877607557948742,1,2.698558631668595,2,0,1,0,0,0,1
867,0,0,0,0,0,1,0,0,0.1418757961246062,0,3.941500250945973,1,1,0,1,0,1,0
868,0,0,0,0,0,1,0,0,-0.30910201143153426,0,2.3513752571634776,3,0,0,1,0,1,0
869,0,0,0,1,0,0,0,0,-1.8875243378780258,0,2.495953738718064,3,0,2,0,0,1,1
870,0,0,0,0,0,1,0,0,-0.23393904350551084,0,2.1855792552411137,3,0,0,1,0,1,0
871,0,0,0,0,0,0,0,1,1.3444832829409807,1,3.9806942251907276,1,4,2,0,0,1,1
872,0,0,0,0,0,1,0,0,0.292201731976653,0,1.791759469228055,1,2,0,1,0,1,0
873,0,0,0,0,0,1,0,0,1.3444832829409807,0,2.302585092994046,3,0,0,1,0,1,0
874,0,0,0,0,0,0,0,1,-0.08361310765346401,1,3.2188758248682006,2,0,1,0,0,0,1
875,0,0,0,0,0,0,1,0,-1.0607316906917683,1,2.1071782966514356,3,0,0,1,0,0,1
876,0,0,0,0,0,1,0,0,-0.6849168510616512,0,2.3837779082709782,3,0,0,1,0,1,0
877,0,0,0,0,0,1,0,0,-0.7600798189876746,0,2.1855792552411137,3,0,0,1,0,1,0
878,0,0,0,0,0,1,0,0,-0.30910201143153426,0,2.1855792552411137,3,0,0,1,0,1,0
879,0,0,0,0,0,0,0,1,2.0209499942751914,1,4.432699549165613,1,3,1,0,0,0,1
880,0,0,0,0,0,0,0,1,-0.30910201143153426,1,3.295836866004329,2,0,1,0,0,1,1
881,0,0,0,0,0,1,0,0,0.292201731976653,0,2.1855792552411137,3,0,0,1,0,1,0
882,0,0,0,0,0,0,1,0,-0.5345909152096044,1,2.4437981558973862,3,0,0,1,0,1,0
883,0,0,0,0,0,1,0,0,-0.08361310765346401,0,2.4423470353692043,2,0,0,1,0,1,0
884,0,0,0,0,0,1,0,0,-0.30910201143153426,0,2.0856720914304723,3,0,0,1,0,1,0
885,0,0,0,0,0,0,0,1,0.7431795395327935,1,3.405355391810819,3,0,5,0,1,0,0
886,0,0,1,0,0,0,0,0,-0.15877607557948742,0,2.6390573296152584,2,0,0,1,0,1,0
887,0,0,0,0,0,0,1,0,-0.7600798189876746,1,3.4339872044851463,1,2,0,1,0,1,1
888,0,0,0,0,0,0,1,0,-0.5721723991726162,1,3.196630215920881,3,0,3,0,0,1,0
889,0,0,0,0,0,1,0,0,-0.23393904350551084,0,3.4339872044851463,1,3,0,1,0,0,1
890,0,0,0,0,0,1,0,0,0.2170387640506296,0,2.169053700369523,3,0,0,1,1,0,0
